id_voo;id_info_adicional;id_aeroporto
1;1;1
2;1;1
3;1;6
4;1;1
5;1;1
6;1;1
7;1;1
8;2;1
9;1;1
10;1;3
11;1;1
12;1;1
13;2;1
14;1;2
15;1;1
16;1;6
17;1;5
18;1;1
19;1;1
20;1;3
21;1;5
22;1;1
23;1;3
24;1;6
25;2;1
26;1;2
27;1;3
28;1;2
29;1;2
30;1;1
31;2;4
32;1;1
33;1;1
34;1;1
35;1;2
36;1;2
37;1;1
38;1;4
39;1;5
40;1;5
41;1;3
42;1;4
43;1;2
44;1;3
45;1;2
46;1;2
47;1;5
48;1;1
49;1;3
50;1;5
51;1;1
52;1;1
53;2;6
54;2;5
55;2;1
56;1;6
57;1;1
58;1;4
59;1;5
60;1;4
61;1;3
62;1;4
63;1;2
64;1;1
65;1;2
66;2;1
67;2;3
68;1;2
69;2;3
70;1;2
71;1;3
72;2;1
73;1;1
74;1;6
75;1;1
76;1;1
77;1;5
78;1;3
79;1;3
80;1;4
81;2;1
82;1;3
83;1;6
84;2;3
85;1;2
86;1;3
87;1;3
88;1;2
89;2;1
90;1;6
91;1;6
92;1;2
93;1;2
94;1;2
95;1;3
96;1;3
97;2;6
98;1;3
99;1;3
100;1;5
101;1;6
102;1;5
103;1;3
104;2;2
105;1;2
106;1;1
107;1;1
108;2;2
109;1;6
110;1;3
111;1;6
112;1;1
113;1;3
114;1;6
115;1;6
116;2;3
117;1;3
118;1;2
119;1;4
120;1;2
121;1;2
122;1;6
123;1;5
124;1;2
125;1;6
126;1;6
127;1;2
128;1;3
129;1;4
130;1;2
131;1;6
132;1;5
133;1;3
134;1;6
135;1;3
136;1;2
137;1;2
138;1;5
139;1;5
140;2;1
141;1;2
142;1;5
143;2;6
144;1;2
145;1;4
146;1;3
147;2;1
148;2;3
149;1;3
150;1;6
151;1;3
152;1;1
153;1;3
154;1;6
155;1;1
156;1;3
157;2;4
158;1;3
159;1;2
160;1;4
161;1;6
162;1;2
163;1;1
164;2;1
165;1;2
166;2;3
167;1;2
168;1;3
169;1;4
170;1;2
171;1;6
172;1;6
173;1;3
174;1;3
175;1;6
176;1;6
177;1;3
178;2;3
179;1;4
180;1;6
181;1;6
182;2;4
183;2;4
184;1;3
185;1;2
186;1;3
187;1;6
188;2;4
189;1;2
190;1;3
191;1;2
192;1;2
193;1;6
194;1;2
195;1;6
196;1;6
197;1;2
198;1;6
199;1;4
200;2;4
201;1;6
202;2;3
203;1;2
204;1;1
205;1;1
206;2;3
207;1;3
208;1;6
209;1;1
210;2;1
211;1;4
212;2;1
213;1;2
214;1;3
215;1;2
216;1;6
217;1;2
218;1;3
219;1;3
220;1;4
221;1;2
222;1;6
223;1;3
224;1;1
225;1;4
226;2;4
227;1;2
228;1;3
229;2;4
230;1;4
231;1;3
232;1;3
233;1;2
234;1;1
235;1;4
236;1;2
237;1;2
238;1;6
239;1;2
240;1;1
241;1;4
242;1;3
243;1;4
244;2;2
245;1;3
246;1;3
247;1;1
248;1;1
249;1;6
250;1;2
251;1;3
252;1;6
253;2;4
254;1;3
255;2;4
256;1;4
257;1;3
258;1;6
259;1;1
260;1;2
261;1;1
262;1;6
263;1;6
264;1;4
265;1;6
266;1;5
267;1;4
268;1;5
269;1;5
270;1;3
271;1;6
272;1;1
273;1;3
274;1;4
275;1;3
276;1;2
277;1;3
278;1;6
279;1;3
280;2;6
281;1;6
282;1;3
283;1;2
284;1;3
285;1;5
286;1;6
287;1;6
288;1;6
289;1;3
290;1;3
291;1;3
292;1;4
293;1;2
294;1;5
295;1;1
296;1;1
297;1;3
298;1;2
299;1;3
300;2;3
301;1;3
302;2;4
303;1;2
304;2;3
305;1;2
306;1;2
307;1;3
308;1;3
309;1;3
310;1;5
311;1;3
312;1;1
313;2;1
314;1;2
315;1;4
316;1;2
317;1;4
318;1;4
319;1;1
320;1;3
321;1;2
322;1;3
323;1;5
324;2;3
325;1;6
326;1;3
327;1;1
328;1;3
329;1;4
330;1;3
331;2;3
332;2;6
333;1;3
334;2;1
335;1;3
336;1;1
337;2;1
338;1;5
339;1;3
340;2;3
341;1;2
342;1;6
343;1;4
344;1;2
345;1;3
346;1;2
347;1;2
348;1;3
349;1;3
350;1;2
351;1;3
352;1;2
353;1;1
354;2;6
355;1;6
356;1;2
357;1;2
358;1;3
359;1;2
360;1;3
361;1;1
362;1;2
363;1;4
364;1;4
365;1;5
366;1;2
367;1;4
368;2;3
369;1;3
370;1;6
371;1;1
372;1;3
373;1;6
374;1;2
375;2;3
376;1;1
377;1;2
378;2;3
379;1;1
380;1;3
381;1;2
382;1;5
383;3;2
384;1;3
385;3;5
386;1;3
387;1;3
388;1;2
389;1;3
390;1;2
391;1;2
392;1;2
393;1;5
394;1;6
395;1;2
396;1;2
397;1;2
398;1;4
399;3;5
400;1;2
401;1;2
402;1;2
403;1;2
404;1;6
405;1;6
406;1;2
407;1;5
408;1;3
409;1;4
410;1;2
411;1;2
412;1;2
413;1;2
414;1;2
415;1;5
416;1;1
417;1;2
418;1;2
419;1;2
420;1;2
421;1;6
422;1;2
423;1;6
424;1;2
425;1;2
426;1;2
427;1;2
428;1;3
429;1;2
430;1;2
431;1;2
432;1;2
433;1;2
434;2;1
435;1;4
436;1;3
437;1;3
438;1;2
439;1;2
440;2;4
441;1;3
442;2;4
443;2;4
444;1;2
445;1;2
446;1;3
447;1;3
448;1;2
449;1;4
450;1;6
451;1;3
452;2;2
453;1;2
454;2;1
455;1;1
456;1;2
457;1;1
458;1;3
459;1;6
460;1;2
461;1;2
462;1;2
463;2;3
464;1;6
465;1;3
466;1;2
467;1;3
468;1;3
469;1;6
470;1;2
471;1;3
472;2;3
473;1;2
474;1;3
475;3;2
476;1;2
477;1;5
478;1;4
479;3;2
480;3;2
481;1;3
482;1;2
483;1;2
484;3;3
485;1;3
486;1;2
487;3;2
488;1;2
489;1;3
490;3;2
491;3;2
492;1;2
493;3;2
494;3;2
495;1;2
496;1;2
497;1;2
498;3;2
499;3;6
500;1;6
501;1;2
502;3;2
503;1;3
504;1;2
505;1;2
506;1;6
507;1;3
508;1;2
509;3;6
510;3;2
511;1;3
512;1;3
513;1;6
514;3;2
515;3;3
516;3;6
517;1;2
518;3;3
519;1;2
520;3;2
521;3;2
522;3;3
523;1;2
524;3;3
525;3;2
526;3;6
527;3;4
528;1;2
529;1;2
530;3;2
531;3;3
532;1;3
533;1;2
534;1;4
535;3;2
536;3;2
537;1;2
538;3;2
539;3;2
540;1;2
541;3;3
542;1;2
543;3;2
544;1;2
545;3;2
546;1;2
547;1;2
548;1;2
549;1;1
550;1;2
551;1;3
552;1;2
553;1;2
554;2;1
555;1;2
556;1;2
557;1;1
558;1;5
559;1;2
560;1;2
561;1;2
562;1;6
563;1;2
564;1;2
565;1;6
566;1;2
567;1;3
568;1;2
569;1;2
570;1;3
571;1;2
572;1;3
573;1;2
574;1;6
575;1;2
576;1;6
577;1;4
578;1;3
579;1;3
580;1;4
581;1;2
582;1;2
583;1;3
584;1;2
585;1;2
586;2;6
587;1;2
588;1;2
589;1;3
590;1;3
591;1;2
592;1;2
593;1;2
594;1;5
595;1;2
596;1;6
597;1;2
598;1;2
599;1;5
600;1;6
601;1;4
602;1;6
603;1;3
604;1;2
605;2;4
606;1;3
607;1;5
608;1;5
609;1;3
610;1;2
611;1;3
612;1;6
613;1;2
614;1;2
615;1;3
616;1;4
617;1;2
618;1;2
619;1;2
620;1;4
621;1;1
622;1;2
623;1;6
624;1;4
625;1;3
626;1;2
627;1;6
628;1;2
629;1;6
630;1;1
631;1;2
632;1;3
633;1;2
634;1;3
635;1;2
636;1;2
637;1;4
638;1;3
639;1;2
640;2;3
641;1;3
642;1;4
643;1;2
644;1;4
645;1;1
646;1;2
647;2;2
648;1;4
649;1;2
650;1;2
651;1;2
652;1;6
653;1;6
654;1;4
655;1;3
656;1;6
657;1;4
658;1;2
659;1;3
660;1;6
661;1;3
662;1;2
663;1;3
664;1;2
665;1;3
666;1;2
667;1;2
668;1;2
669;1;2
670;1;3
671;1;3
672;1;3
673;1;5
674;1;6
675;1;2
676;1;5
677;1;2
678;2;3
679;1;2
680;1;2
681;2;3
682;1;2
683;1;3
684;1;2
685;1;5
686;1;2
687;1;6
688;1;1
689;1;1
690;1;6
691;1;2
692;1;2
693;3;5
694;3;2
695;3;5
696;3;2
697;1;4
698;1;2
699;1;2
700;3;2
701;3;2
702;3;2
703;3;2
704;3;2
705;1;2
706;3;2
707;3;4
708;1;2
709;1;1
710;1;6
711;1;3
712;1;1
713;1;1
714;1;6
715;1;1
716;1;2
717;1;2
718;1;6
719;1;5
720;1;2
721;1;2
722;1;2
723;1;6
724;1;6
725;1;6
726;3;2
727;3;4
728;1;2
729;1;6
730;1;6
731;3;3
732;3;4
733;1;2
734;1;2
735;1;2
736;3;3
737;3;2
738;1;2
739;1;2
740;3;3
741;1;2
742;3;2
743;1;3
744;1;2
745;3;2
746;1;2
747;3;2
748;3;3
749;1;2
750;3;2
751;3;3
752;1;2
753;1;3
754;1;2
755;3;3
756;3;4
757;1;3
758;1;5
759;1;2
760;1;5
761;3;2
762;1;6
763;1;3
764;1;2
765;1;6
766;1;2
767;1;2
768;1;6
769;3;3
770;3;2
771;1;2
772;1;6
773;3;6
774;1;2
775;3;3
776;1;2
777;3;2
778;1;2
779;3;2
780;1;1
781;1;2
782;3;2
783;3;2
784;1;2
785;1;2
786;1;2
787;1;2
788;1;2
789;1;2
790;3;2
791;1;3
792;3;2
793;1;2
794;1;2
795;1;2
796;3;2
797;1;2
798;1;2
799;1;2
800;1;2
801;3;3
802;1;2
803;1;3
804;3;2
805;3;2
806;1;2
807;3;6
808;1;2
809;1;3
810;1;2
811;3;2
812;1;2
813;3;3
814;3;3
815;1;2
816;1;2
817;3;2
818;3;2
819;3;2
820;3;2
821;1;2
822;1;3
823;3;2
824;3;3
825;1;2
826;3;3
827;3;3
828;1;2
829;3;3
830;3;2
831;3;5
832;1;2
833;1;2
834;1;2
835;1;2
836;3;2
837;3;4
838;3;4
839;1;3
840;1;2
841;3;2
842;3;3
843;1;3
844;1;2
845;1;2
846;1;2
847;1;2
848;3;3
849;1;2
850;1;6
851;1;2
852;3;3
853;3;2
854;3;3
855;3;3
856;1;2
857;3;2
858;3;2
859;1;6
860;1;4
861;3;4
862;1;6
863;3;2
864;1;2
865;3;2
866;3;2
867;1;3
868;3;2
869;3;2
870;3;3
871;1;3
872;1;2
873;1;2
874;3;3
875;3;2
876;1;2
877;1;2
878;1;3
879;1;2
880;1;3
881;1;2
882;1;2
883;3;2
884;1;3
885;3;5
886;3;2
887;1;3
888;1;3
889;3;2
890;1;4
891;1;2
892;1;2
893;3;2
894;1;3
895;1;2
896;1;3
897;1;2
898;1;6
899;1;3
900;1;3
901;1;6
902;3;4
903;1;5
904;1;2
905;1;2
906;3;2
907;1;2
908;1;3
909;1;2
910;3;3
911;1;2
912;3;2
913;1;2
914;1;2
915;3;2
916;1;2
917;1;2
918;3;2
919;1;2
920;1;2
921;1;2
922;3;2
923;1;2
924;3;2
925;3;2
926;1;2
927;3;2
928;3;6
929;3;2
930;3;2
931;1;2
932;3;3
933;1;2
934;3;2
935;3;6
936;1;3
937;1;2
938;3;3
939;3;2
940;1;6
941;1;3
942;3;3
943;3;3
944;1;2
945;3;2
946;1;2
947;1;2
948;3;2
949;3;2
950;3;2
951;1;2
952;3;2
953;1;3
954;3;2
955;1;3
956;3;2
957;3;3
958;1;3
959;1;3
960;1;2
961;3;2
962;1;2
963;1;2
964;1;2
965;1;2
966;3;2
967;3;2
968;3;2
969;1;2
970;1;4
971;3;3
972;3;3
973;3;3
974;3;2
975;1;6
976;3;6
977;1;2
978;3;2
979;3;3
980;3;2
981;1;2
982;1;4
983;3;6
984;3;2
985;3;2
986;3;2
987;3;2
988;1;2
989;3;2
990;1;2
991;1;6
992;1;3
993;1;2
994;1;3
995;1;2
996;3;3
997;1;2
998;3;2
999;3;3
1000;1;2
1001;3;2
1002;3;2
1003;3;2
1004;3;3
1005;3;4
1006;3;2
1007;3;3
1008;3;2
1009;1;6
1010;1;2
1011;1;3
1012;1;2
1013;3;2
1014;1;6
1015;1;2
1016;1;2
1017;3;4
1018;3;3
1019;3;2
1020;1;2
1021;3;2
1022;1;2
1023;3;2
1024;1;2
1025;1;2
1026;3;3
1027;3;2
1028;1;3
1029;1;2
1030;1;2
1031;1;3
1032;1;2
1033;3;2
1034;3;2
1035;3;2
1036;1;3
1037;1;2
1038;1;6
1039;1;2
1040;1;6
1041;3;2
1042;1;3
1043;1;2
1044;1;2
1045;3;2
1046;1;2
1047;1;2
1048;1;2
1049;1;2
1050;1;2
1051;1;2
1052;1;2
1053;1;2
1054;1;2
1055;1;2
1056;3;5
1057;3;2
1058;3;5
1059;3;4
1060;3;5
1061;3;2
1062;3;2
1063;1;2
1064;3;2
1065;3;4
1066;1;2
1067;1;2
1068;3;3
1069;1;2
1070;1;2
1071;3;3
1072;1;2
1073;1;2
1074;1;2
1075;3;2
1076;1;2
1077;3;2
1078;1;2
1079;1;2
1080;1;2
1081;3;2
1082;1;3
1083;3;2
1084;3;4
1085;3;2
1086;1;2
1087;1;2
1088;1;2
1089;3;2
1090;1;2
1091;3;2
1092;3;2
1093;3;2
1094;3;5
1095;1;2
1096;3;2
1097;3;2
1098;3;2
1099;1;2
1100;1;6
1101;1;2
1102;3;6
1103;3;2
1104;1;4
1105;1;2
1106;1;2
1107;1;6
1108;1;2
1109;3;2
1110;3;2
1111;1;2
1112;1;6
1113;3;6
1114;1;3
1115;1;2
1116;1;2
1117;1;4
1118;1;2
1119;1;2
1120;3;2
1121;1;2
1122;1;2
1123;3;5
1124;3;2
1125;3;4
1126;3;2
1127;1;2
1128;3;2
1129;3;2
1130;1;2
1131;1;2
1132;1;2
1133;3;2
1134;3;2
1135;1;4
1136;1;2
1137;3;2
1138;1;2
1139;1;2
1140;3;2
1141;1;3
1142;1;2
1143;3;2
1144;1;2
1145;3;3
1146;1;2
1147;1;2
1148;3;2
1149;3;2
1150;3;3
1151;3;4
1152;1;2
1153;1;2
1154;3;2
1155;1;5
1156;3;4
1157;1;4
1158;3;4
1159;1;2
1160;3;2
1161;1;2
1162;1;2
1163;1;2
1164;1;6
1165;3;2
1166;3;2
1167;1;2
1168;1;2
1169;1;2
1170;1;5
1171;1;2
1172;1;2
1173;1;3
1174;1;2
1175;1;2
1176;1;2
1177;1;2
1178;1;2
1179;1;3
1180;1;5
1181;1;2
1182;1;2
1183;1;2
1184;1;6
1185;1;2
1186;1;2
1187;1;2
1188;1;2
1189;1;2
1190;1;5
1191;1;2
1192;1;3
1193;1;2
1194;1;2
1195;1;2
1196;1;2
1197;1;3
1198;1;4
1199;1;2
1200;1;2
1201;1;2
1202;1;2
1203;1;2
1204;1;2
1205;1;2
1206;1;2
1207;1;2
1208;1;5
1209;1;2
1210;1;2
1211;1;2
1212;1;1
1213;1;2
1214;1;2
1215;1;2
1216;1;6
1217;1;2
1218;1;2
1219;1;3
1220;1;3
1221;1;6
1222;1;3
1223;1;2
1224;1;3
1225;1;2
1226;1;2
1227;1;2
1228;1;2
1229;1;2
1230;1;5
1231;1;2
1232;1;2
1233;1;2
1234;1;5
1235;1;2
1236;1;3
1237;1;2
1238;1;2
1239;1;2
1240;1;1
1241;1;2
1242;1;2
1243;1;2
1244;1;4
1245;1;2
1246;1;3
1247;1;3
1248;1;2
1249;1;5
1250;1;2
1251;1;2
1252;1;2
1253;1;2
1254;1;2
1255;1;3
1256;1;2
1257;1;2
1258;1;2
1259;1;2
1260;1;2
1261;1;5
1262;1;2
1263;1;6
1264;1;2
1265;1;3
1266;1;2
1267;1;2
1268;1;2
1269;1;6
1270;1;2
1271;1;2
1272;3;2
1273;1;2
1274;1;2
1275;1;2
1276;1;3
1277;1;3
1278;1;2
1279;1;2
1280;1;2
1281;1;2
1282;1;6
1283;1;2
1284;1;3
1285;1;1
1286;1;2
1287;1;2
1288;1;2
1289;1;4
1290;1;2
1291;1;2
1292;1;2
1293;1;2
1294;1;6
1295;1;2
1296;1;5
1297;1;2
1298;1;2
1299;1;6
1300;1;2
1301;1;4
1302;3;2
1303;1;4
1304;1;2
1305;1;2
1306;1;6
1307;1;2
1308;1;2
1309;1;5
1310;1;6
1311;1;6
1312;1;2
1313;1;2
1314;1;2
1315;1;4
1316;1;2
1317;1;2
1318;1;2
1319;3;2
1320;1;2
1321;1;2
1322;1;4
1323;1;2
1324;1;2
1325;1;2
1326;1;2
1327;1;6
1328;1;2
1329;1;2
1330;1;2
1331;1;3
1332;1;3
1333;1;3
1334;1;2
1335;1;2
1336;1;2
1337;3;2
1338;1;4
1339;1;6
1340;1;2
1341;1;2
1342;1;2
1343;1;1
1344;1;6
1345;1;3
1346;1;2
1347;1;6
1348;1;2
1349;1;2
1350;1;2
1351;1;2
1352;1;3
1353;1;2
1354;1;2
1355;1;2
1356;1;4
1357;1;3
1358;1;2
1359;1;5
1360;1;2
1361;1;2
1362;1;2
1363;1;5
1364;1;6
1365;1;2
1366;1;2
1367;1;2
1368;1;3
1369;1;6
1370;1;2
1371;1;2
1372;1;2
1373;1;5
1374;1;2
1375;1;6
1376;1;3
1377;1;6
1378;1;3
1379;3;2
1380;1;3
1381;1;2
1382;1;2
1383;1;1
1384;1;2
1385;1;2
1386;1;4
1387;1;6
1388;3;2
1389;1;2
1390;1;3
1391;1;3
1392;1;3
1393;1;2
1394;1;2
1395;1;2
1396;1;2
1397;1;2
1398;1;3
1399;1;2
1400;1;2
1401;3;2
1402;1;2
1403;1;3
1404;1;2
1405;1;2
1406;1;2
1407;1;2
1408;1;3
1409;1;2
1410;1;2
1411;1;6
1412;1;4
1413;1;2
1414;1;2
1415;1;2
1416;1;2
1417;1;3
1418;1;6
1419;1;2
1420;1;1
1421;1;2
1422;1;2
1423;1;6
1424;1;2
1425;1;3
1426;1;2
1427;1;2
1428;1;2
1429;1;2
1430;1;2
1431;1;2
1432;1;5
1433;1;2
1434;1;6
1435;3;2
1436;1;2
1437;1;2
1438;1;6
1439;1;2
1440;3;2
1441;1;2
1442;1;3
1443;1;2
1444;1;3
1445;1;2
1446;1;6
1447;3;2
1448;1;2
1449;1;2
1450;1;2
1451;1;2
1452;1;2
1453;1;2
1454;1;2
1455;1;2
1456;1;2
1457;1;2
1458;1;2
1459;1;2
1460;1;2
1461;1;2
1462;1;3
1463;1;3
1464;1;3
1465;1;2
1466;1;6
1467;1;2
1468;1;2
1469;1;2
1470;1;6
1471;1;2
1472;1;2
1473;1;3
1474;1;2
1475;1;2
1476;1;2
1477;1;4
1478;1;6
1479;1;2
1480;1;3
1481;1;1
1482;1;3
1483;1;2
1484;1;2
1485;1;3
1486;1;2
1487;1;2
1488;1;2
1489;1;1
1490;1;2
1491;1;2
1492;1;2
1493;1;2
1494;1;2
1495;1;2
1496;1;2
1497;1;4
1498;1;4
1499;1;4
1500;1;2
1501;1;2
1502;1;2
1503;1;2
1504;1;2
1505;1;2
1506;1;2
1507;1;2
1508;1;2
1509;1;6
1510;1;2
1511;3;2
1512;1;2
1513;1;2
1514;1;6
1515;1;2
1516;1;6
1517;1;2
1518;1;5
1519;1;2
1520;1;2
1521;1;2
1522;1;2
1523;1;3
1524;1;4
1525;1;2
1526;1;2
1527;1;2
1528;1;2
1529;1;3
1530;1;2
1531;1;2
1532;1;2
1533;1;3
1534;1;2
1535;1;2
1536;1;5
1537;1;2
1538;1;5
1539;1;4
1540;1;4
1541;1;2
1542;1;2
1543;3;2
1544;1;2
1545;1;2
1546;1;5
1547;1;1
1548;1;2
1549;1;2
1550;1;3
1551;1;2
1552;1;3
1553;1;2
1554;1;2
1555;1;3
1556;1;2
1557;1;3
1558;1;2
1559;1;2
1560;1;2
1561;1;2
1562;1;2
1563;1;2
1564;1;2
1565;1;2
1566;1;6
1567;1;2
1568;1;2
1569;1;2
1570;1;2
1571;1;2
1572;1;2
1573;1;2
1574;1;6
1575;1;2
1576;1;2
1577;1;2
1578;1;2
1579;1;2
1580;1;2
1581;1;2
1582;1;2
1583;1;2
1584;1;2
1585;1;3
1586;1;2
1587;1;3
1588;1;2
1589;1;2
1590;1;6
1591;1;2
1592;1;4
1593;1;3
1594;1;3
1595;1;2
1596;1;4
1597;1;2
1598;1;2
1599;1;5
1600;1;2
1601;1;2
1602;1;2
1603;1;2
1604;1;2
1605;1;2
1606;1;2
1607;1;5
1608;1;2
1609;1;3
1610;1;2
1611;1;4
1612;1;2
1613;1;2
1614;1;5
1615;1;2
1616;1;5
1617;1;2
1618;1;3
1619;1;2
1620;1;1
1621;1;3
1622;1;5
1623;1;3
1624;1;2
1625;1;2
1626;1;3
1627;1;2
1628;1;2
1629;1;3
1630;1;3
1631;1;3
1632;1;2
1633;1;2
1634;1;2
1635;1;2
1636;1;2
1637;1;2
1638;1;2
1639;1;2
1640;1;2
1641;1;4
1642;1;3
1643;1;3
1644;1;2
1645;1;3
1646;1;6
1647;1;6
1648;1;2
1649;1;2
1650;1;1
1651;1;2
1652;1;2
1653;1;3
1654;1;2
1655;1;5
1656;1;2
1657;1;6
1658;1;2
1659;1;2
1660;1;2
1661;1;2
1662;1;2
1663;1;2
1664;1;5
1665;1;2
1666;1;3
1667;1;2
1668;1;3
1669;1;4
1670;1;3
1671;1;6
1672;1;2
1673;1;3
1674;1;3
1675;1;6
1676;1;2
1677;1;4
1678;1;3
1679;1;3
1680;1;2
1681;1;3
1682;1;2
1683;1;2
1684;1;3
1685;1;3
1686;1;3
1687;1;2
1688;1;2
1689;1;2
1690;1;3
1691;1;3
1692;1;2
1693;1;2
1694;1;2
1695;1;2
1696;1;3
1697;1;3
1698;1;5
1699;3;2
1700;3;5
1701;1;2
1702;1;2
1703;1;6
1704;1;3
1705;1;5
1706;1;4
1707;1;2
1708;1;2
1709;1;2
1710;1;2
1711;1;2
1712;1;6
1713;1;2
1714;1;6
1715;1;5
1716;1;3
1717;1;5
1718;1;6
1719;1;5
1720;1;2
1721;1;3
1722;1;2
1723;1;2
1724;1;2
1725;1;5
1726;1;2
1727;1;2
1728;1;6
1729;1;2
1730;1;6
1731;1;3
1732;1;6
1733;1;3
1734;1;6
1735;1;4
1736;1;1
1737;1;3
1738;1;2
1739;1;2
1740;1;2
1741;1;3
1742;1;2
1743;1;6
1744;1;2
1745;1;3
1746;1;3
1747;1;2
1748;1;3
1749;1;4
1750;1;6
1751;3;6
1752;1;3
1753;1;3
1754;1;2
1755;1;2
1756;1;2
1757;1;2
1758;1;2
1759;1;2
1760;1;2
1761;1;2
1762;1;6
1763;1;3
1764;3;6
1765;1;6
1766;1;6
1767;1;6
1768;1;2
1769;1;2
1770;1;5
1771;1;3
1772;1;6
1773;1;5
1774;1;2
1775;1;3
1776;1;2
1777;1;5
1778;1;4
1779;1;2
1780;1;2
1781;1;3
1782;1;2
1783;1;2
1784;1;2
1785;1;6
1786;1;2
1787;1;3
1788;1;2
1789;1;4
1790;1;1
1791;1;6
1792;1;5
1793;3;2
1794;1;3
1795;1;5
1796;1;6
1797;1;4
1798;1;3
1799;1;6
1800;1;6
1801;1;4
1802;1;2
1803;1;6
1804;1;2
1805;1;2
1806;1;2
1807;1;2
1808;1;2
1809;1;5
1810;1;3
1811;3;2
1812;1;6
1813;1;6
1814;1;4
1815;1;4
1816;1;6
1817;1;1
1818;1;2
1819;1;2
1820;1;2
1821;1;5
1822;1;3
1823;1;6
1824;1;2
1825;1;2
1826;1;2
1827;1;3
1828;1;3
1829;1;3
1830;1;6
1831;1;2
1832;1;2
1833;1;2
1834;1;2
1835;1;2
1836;1;5
1837;1;2
1838;3;6
1839;1;2
1840;1;3
1841;1;2
1842;1;3
1843;1;6
1844;1;3
1845;1;1
1846;3;3
1847;1;2
1848;1;6
1849;1;2
1850;1;2
1851;1;6
1852;1;2
1853;1;6
1854;1;3
1855;1;2
1856;1;4
1857;1;2
1858;3;2
1859;1;2
1860;1;3
1861;1;6
1862;1;2
1863;1;6
1864;1;2
1865;1;2
1866;1;3
1867;3;2
1868;1;2
1869;1;6
1870;1;4
1871;1;4
1872;1;3
1873;1;4
1874;1;4
1875;1;6
1876;1;6
1877;1;5
1878;1;4
1879;1;2
1880;3;6
1881;1;4
1882;1;2
1883;1;6
1884;1;4
1885;1;2
1886;1;2
1887;1;2
1888;1;5
1889;1;4
1890;1;3
1891;1;6
1892;1;2
1893;1;2
1894;1;3
1895;1;6
1896;1;3
1897;3;2
1898;1;6
1899;3;6
1900;1;6
1901;1;6
1902;3;2
1903;1;2
1904;1;3
1905;3;3
1906;1;1
1907;1;2
1908;1;6
1909;1;6
1910;1;3
1911;1;4
1912;3;4
1913;1;2
1914;1;3
1915;1;3
1916;1;2
1917;1;1
1918;1;2
1919;1;2
1920;1;2
1921;1;2
1922;1;2
1923;1;4
1924;1;2
1925;1;2
1926;1;2
1927;1;2
1928;1;2
1929;1;2
1930;1;2
1931;1;2
1932;1;2
1933;1;2
1934;1;4
1935;1;2
1936;1;3
1937;1;4
1938;1;2
1939;1;2
1940;1;3
1941;1;3
1942;1;2
1943;1;2
1944;1;3
1945;1;2
1946;1;2
1947;1;2
1948;1;2
1949;1;2
1950;3;2
1951;1;3
1952;1;3
1953;1;2
1954;1;2
1955;1;2
1956;1;4
1957;1;2
1958;1;3
1959;3;2
1960;1;2
1961;1;2
1962;3;2
1963;1;2
1964;1;2
1965;3;3
1966;1;2
1967;1;2
1968;1;2
1969;1;2
1970;1;2
1971;1;2
1972;1;2
1973;1;2
1974;1;2
1975;1;2
1976;3;2
1977;1;2
1978;1;2
1979;3;5
1980;1;2
1981;1;2
1982;3;2
1983;1;2
1984;3;2
1985;1;2
1986;1;2
1987;1;2
1988;1;2
1989;1;2
1990;1;2
1991;3;2
1992;3;2
1993;1;2
1994;1;6
1995;1;2
1996;3;2
1997;1;2
1998;3;2
1999;1;2
2000;1;2
2001;1;2
2002;1;2
2003;1;2
2004;1;3
2005;3;2
2006;1;2
2007;3;5
2008;1;5
2009;1;2
2010;1;2
2011;1;2
2012;1;3
2013;1;6
2014;1;2
2015;3;2
2016;1;2
2017;1;3
2018;1;2
2019;1;2
2020;1;2
2021;1;2
2022;1;5
2023;1;2
2024;3;2
2025;3;6
2026;1;4
2027;1;2
2028;3;2
2029;3;3
2030;3;2
2031;3;2
2032;3;2
2033;3;2
2034;1;2
2035;1;6
2036;3;2
2037;3;2
2038;1;2
2039;1;2
2040;1;2
2041;1;2
2042;3;2
2043;3;2
2044;1;2
2045;1;5
2046;3;2
2047;1;2
2048;1;2
2049;1;2
2050;3;3
2051;3;5
2052;3;2
2053;3;5
2054;3;2
2055;1;2
2056;1;2
2057;3;2
2058;1;2
2059;1;2
2060;3;3
2061;1;6
2062;1;2
2063;1;2
2064;1;2
2065;1;2
2066;1;6
2067;1;5
2068;1;5
2069;1;2
2070;1;2
2071;3;3
2072;1;6
2073;3;3
2074;1;3
2075;1;2
2076;1;4
2077;1;2
2078;1;2
2079;1;2
2080;1;2
2081;1;2
2082;3;2
2083;1;2
2084;3;2
2085;1;2
2086;1;2
2087;1;2
2088;1;2
2089;3;2
2090;1;2
2091;1;2
2092;1;2
2093;3;2
2094;3;2
2095;1;2
2096;1;2
2097;3;2
2098;1;6
2099;1;2
2100;1;2
2101;3;5
2102;1;2
2103;1;4
2104;3;2
2105;1;2
2106;1;2
2107;3;2
2108;3;2
2109;3;4
2110;1;2
2111;1;2
2112;1;2
2113;1;2
2114;1;2
2115;1;2
2116;1;2
2117;1;2
2118;1;2
2119;3;2
2120;1;6
2121;1;2
2122;1;2
2123;1;1
2124;1;4
2125;1;2
2126;1;2
2127;1;2
2128;1;3
2129;1;5
2130;1;2
2131;1;3
2132;1;2
2133;1;2
2134;1;2
2135;1;2
2136;1;2
2137;1;2
2138;1;2
2139;1;2
2140;1;2
2141;1;2
2142;1;2
2143;1;3
2144;1;2
2145;1;2
2146;1;2
2147;1;2
2148;3;3
2149;3;2
2150;3;2
2151;1;2
2152;1;2
2153;1;3
2154;1;2
2155;1;2
2156;1;2
2157;1;2
2158;1;2
2159;1;2
2160;3;6
2161;1;2
2162;3;2
2163;1;2
2164;1;2
2165;1;2
2166;1;2
2167;1;2
2168;3;2
2169;1;2
2170;1;2
2171;1;2
2172;1;2
2173;1;2
2174;3;3
2175;3;3
2176;1;3
2177;3;2
2178;1;6
2179;1;3
2180;1;5
2181;1;3
2182;1;2
2183;1;3
2184;3;5
2185;1;2
2186;3;2
2187;1;2
2188;1;2
2189;3;3
2190;1;2
2191;1;2
2192;1;2
2193;1;2
2194;3;2
2195;3;3
2196;1;2
2197;1;2
2198;1;2
2199;3;2
2200;1;2
2201;3;2
2202;1;2
2203;1;2
2204;1;2
2205;1;6
2206;1;2
2207;1;2
2208;1;2
2209;1;2
2210;1;2
2211;1;2
2212;1;2
2213;3;2
2214;1;3
2215;1;2
2216;1;2
2217;1;3
2218;1;2
2219;1;3
2220;3;2
2221;3;3
2222;1;2
2223;1;2
2224;3;2
2225;1;2
2226;1;2
2227;3;2
2228;1;3
2229;1;1
2230;1;2
2231;3;2
2232;3;4
2233;1;2
2234;3;2
2235;1;2
2236;1;6
2237;1;2
2238;1;2
2239;1;2
2240;1;2
2241;1;1
2242;1;2
2243;3;3
2244;1;4
2245;1;2
2246;1;2
2247;1;2
2248;1;2
2249;1;2
2250;3;2
2251;1;2
2252;1;2
2253;1;2
2254;3;4
2255;1;2
2256;1;2
2257;1;2
2258;1;2
2259;1;6
2260;1;3
2261;3;2
2262;1;2
2263;1;2
2264;1;2
2265;1;2
2266;1;2
2267;1;2
2268;1;2
2269;1;6
2270;1;2
2271;1;2
2272;1;2
2273;1;2
2274;3;2
2275;1;2
2276;3;2
2277;1;3
2278;1;2
2279;3;2
2280;1;2
2281;1;2
2282;1;2
2283;1;2
2284;3;2
2285;1;2
2286;1;2
2287;1;2
2288;1;2
2289;1;4
2290;1;2
2291;1;2
2292;3;2
2293;1;2
2294;1;2
2295;1;2
2296;1;1
2297;1;3
2298;1;2
2299;3;3
2300;1;2
2301;1;2
2302;1;2
2303;1;2
2304;3;2
2305;1;2
2306;1;4
2307;1;3
2308;1;3
2309;1;2
2310;1;5
2311;1;3
2312;1;2
2313;3;2
2314;1;2
2315;1;2
2316;1;2
2317;3;6
2318;1;2
2319;1;2
2320;1;2
2321;1;2
2322;1;4
2323;1;2
2324;3;6
2325;1;3
2326;1;2
2327;1;3
2328;1;2
2329;3;2
2330;1;2
2331;1;2
2332;1;2
2333;3;2
2334;3;2
2335;1;6
2336;1;2
2337;1;2
2338;1;3
2339;3;2
2340;1;2
2341;3;2
2342;1;2
2343;3;2
2344;1;2
2345;1;2
2346;1;2
2347;1;2
2348;1;2
2349;1;2
2350;1;5
2351;3;5
2352;3;2
2353;1;2
2354;1;3
2355;3;2
2356;1;2
2357;1;2
2358;1;2
2359;1;2
2360;3;5
2361;3;2
2362;1;2
2363;1;2
2364;1;2
2365;1;2
2366;1;6
2367;1;2
2368;1;2
2369;1;2
2370;1;2
2371;1;2
2372;1;3
2373;1;2
2374;1;2
2375;1;2
2376;1;2
2377;1;2
2378;1;2
2379;1;1
2380;1;3
2381;1;2
2382;1;2
2383;1;4
2384;1;2
2385;1;2
2386;3;2
2387;1;2
2388;1;2
2389;1;2
2390;1;2
2391;1;2
2392;1;4
2393;1;6
2394;1;2
2395;1;2
2396;1;4
2397;1;2
2398;1;2
2399;3;2
2400;1;6
2401;1;2
2402;3;2
2403;3;2
2404;1;2
2405;1;3
2406;3;4
2407;1;1
2408;1;2
2409;3;3
2410;1;2
2411;1;5
2412;1;2
2413;1;2
2414;1;2
2415;1;2
2416;1;2
2417;1;2
2418;1;2
2419;1;2
2420;1;2
2421;1;2
2422;1;2
2423;1;2
2424;3;2
2425;1;2
2426;1;3
2427;1;2
2428;1;2
2429;1;2
2430;1;2
2431;1;2
2432;1;2
2433;3;2
2434;3;3
2435;1;6
2436;1;2
2437;1;2
2438;1;2
2439;3;2
2440;1;2
2441;1;4
2442;1;2
2443;1;3
2444;1;2
2445;3;3
2446;1;2
2447;3;2
2448;1;2
2449;1;2
2450;1;2
2451;1;1
2452;1;1
2453;1;2
2454;3;2
2455;1;5
2456;1;2
2457;1;4
2458;1;3
2459;3;2
2460;1;2
2461;1;2
2462;1;2
2463;1;2
2464;3;2
2465;3;2
2466;1;2
2467;1;3
2468;1;2
2469;1;2
2470;1;2
2471;1;2
2472;3;2
2473;1;4
2474;1;2
2475;1;2
2476;1;3
2477;1;2
2478;1;3
2479;1;2
2480;3;3
2481;1;2
2482;1;2
2483;1;3
2484;1;2
2485;1;2
2486;1;2
2487;1;2
2488;1;4
2489;1;2
2490;1;2
2491;1;2
2492;1;2
2493;1;2
2494;1;2
2495;1;2
2496;3;2
2497;3;2
2498;1;2
2499;1;2
2500;1;2
2501;1;2
2502;3;2
2503;1;2
2504;3;5
2505;1;2
2506;1;2
2507;3;2
2508;3;2
2509;1;2
2510;1;2
2511;1;2
2512;1;2
2513;1;2
2514;3;3
2515;1;2
2516;1;2
2517;1;2
2518;1;2
2519;3;2
2520;3;2
2521;3;3
2522;1;2
2523;1;2
2524;1;6
2525;1;2
2526;3;3
2527;1;2
2528;1;3
2529;3;2
2530;3;2
2531;3;2
2532;3;2
2533;1;2
2534;1;2
2535;1;2
2536;1;2
2537;1;2
2538;1;2
2539;1;2
2540;1;2
2541;1;2
2542;1;2
2543;1;2
2544;1;2
2545;1;2
2546;1;2
2547;1;2
2548;1;2
2549;3;3
2550;1;2
2551;1;2
2552;1;3
2553;1;2
2554;1;2
2555;3;2
2556;1;5
2557;1;2
2558;1;2
2559;3;2
2560;1;2
2561;1;2
2562;1;2
2563;1;2
2564;1;3
2565;1;3
2566;1;2
2567;1;2
2568;1;2
2569;1;2
2570;3;2
2571;1;3
2572;1;2
2573;3;2
2574;1;2
2575;1;2
2576;1;2
2577;1;5
2578;1;2
2579;1;4
2580;3;3
2581;1;2
2582;1;6
2583;1;2
2584;1;2
2585;1;6
2586;1;3
2587;1;3
2588;1;2
2589;3;2
2590;1;2
2591;1;2
2592;3;2
2593;1;2
2594;1;3
2595;1;2
2596;3;5
2597;1;2
2598;3;3
2599;3;2
2600;3;2
2601;1;2
2602;1;2
2603;1;2
2604;1;6
2605;1;2
2606;1;2
2607;3;3
2608;3;2
2609;1;2
2610;1;4
2611;3;3
2612;1;2
2613;3;2
2614;1;2
2615;1;3
2616;1;2
2617;3;2
2618;1;3
2619;3;6
2620;1;2
2621;1;2
2622;1;2
2623;1;2
2624;3;2
2625;1;2
2626;1;2
2627;1;2
2628;1;6
2629;1;2
2630;1;2
2631;3;4
2632;1;6
2633;3;2
2634;1;6
2635;1;4
2636;1;2
2637;3;3
2638;1;3
2639;3;2
2640;1;2
2641;1;2
2642;1;2
2643;1;2
2644;3;2
2645;1;2
2646;3;2
2647;1;2
2648;1;2
2649;1;2
2650;1;2
2651;1;6
2652;1;2
2653;1;2
2654;1;2
2655;1;2
2656;1;2
2657;1;2
2658;1;2
2659;1;2
2660;1;2
2661;1;2
2662;1;2
2663;1;2
2664;1;3
2665;1;2
2666;1;2
2667;3;2
2668;1;5
2669;1;2
2670;1;2
2671;3;3
2672;1;2
2673;1;2
2674;1;2
2675;1;2
2676;1;2
2677;1;2
2678;3;6
2679;1;2
2680;1;2
2681;1;2
2682;1;3
2683;3;6
2684;1;2
2685;3;2
2686;3;2
2687;1;2
2688;3;2
2689;1;2
2690;1;6
2691;1;2
2692;1;2
2693;1;1
2694;1;2
2695;3;2
2696;1;2
2697;1;3
2698;1;3
2699;1;3
2700;1;5
2701;3;2
2702;1;2
2703;1;2
2704;1;2
2705;1;2
2706;1;2
2707;1;2
2708;1;2
2709;1;2
2710;1;2
2711;1;2
2712;1;2
2713;1;4
2714;1;2
2715;1;2
2716;3;2
2717;1;2
2718;1;2
2719;3;4
2720;3;5
2721;1;6
2722;1;2
2723;1;2
2724;3;2
2725;3;2
2726;1;2
2727;1;2
2728;1;6
2729;1;2
2730;1;6
2731;1;2
2732;3;2
2733;1;2
2734;1;2
2735;1;2
2736;3;2
2737;1;2
2738;1;2
2739;1;2
2740;1;2
2741;1;2
2742;1;2
2743;1;2
2744;1;2
2745;1;2
2746;1;2
2747;3;2
2748;3;2
2749;1;2
2750;3;2
2751;3;2
2752;1;2
2753;1;2
2754;3;2
2755;3;3
2756;3;2
2757;1;2
2758;1;2
2759;3;2
2760;1;2
2761;1;2
2762;3;2
2763;1;2
2764;3;2
2765;3;3
2766;3;3
2767;1;2
2768;3;2
2769;3;2
2770;1;6
2771;1;4
2772;1;2
2773;1;2
2774;1;2
2775;3;2
2776;3;2
2777;3;2
2778;1;2
2779;1;2
2780;1;2
2781;1;2
2782;1;3
2783;3;2
2784;3;6
2785;1;1
2786;1;3
2787;1;3
2788;1;2
2789;1;2
2790;1;2
2791;1;2
2792;3;4
2793;3;3
2794;1;2
2795;1;2
2796;1;2
2797;1;2
2798;1;2
2799;1;2
2800;1;2
2801;1;2
2802;3;3
2803;1;2
2804;1;2
2805;1;2
2806;3;2
2807;1;2
2808;1;2
2809;1;2
2810;1;3
2811;1;2
2812;1;2
2813;3;2
2814;1;2
2815;1;2
2816;3;2
2817;1;2
2818;1;2
2819;1;2
2820;1;3
2821;1;2
2822;1;2
2823;1;2
2824;3;2
2825;1;2
2826;1;2
2827;1;2
2828;1;2
2829;1;2
2830;1;3
2831;1;2
2832;1;2
2833;1;2
2834;1;2
2835;1;2
2836;1;2
2837;1;2
2838;1;2
2839;1;2
2840;1;2
2841;1;2
2842;1;2
2843;1;1
2844;1;2
2845;3;2
2846;3;3
2847;1;2
2848;1;2
2849;1;2
2850;1;5
2851;1;2
2852;3;2
2853;1;2
2854;1;2
2855;1;2
2856;1;2
2857;3;2
2858;1;2
2859;1;2
2860;1;5
2861;1;2
2862;3;2
2863;1;2
2864;3;2
2865;1;2
2866;1;2
2867;3;2
2868;3;2
2869;1;6
2870;1;2
2871;1;2
2872;1;2
2873;1;2
2874;1;2
2875;1;2
2876;3;3
2877;3;6
2878;3;2
2879;1;2
2880;1;2
2881;3;2
2882;1;2
2883;1;2
2884;3;2
2885;3;2
2886;4;2
2887;1;2
2888;3;2
2889;1;2
2890;1;4
2891;1;6
2892;1;2
2893;3;2
2894;1;2
2895;1;2
2896;1;2
2897;1;6
2898;1;2
2899;1;2
2900;1;2
2901;1;2
2902;1;2
2903;3;2
2904;1;2
2905;1;2
2906;1;2
2907;1;2
2908;3;2
2909;1;2
2910;3;2
2911;1;2
2912;1;2
2913;1;2
2914;1;2
2915;1;2
2916;1;3
2917;1;2
2918;1;1
2919;1;2
2920;1;2
2921;3;5
2922;1;2
2923;1;4
2924;1;2
2925;1;2
2926;1;4
2927;1;2
2928;1;4
2929;1;2
2930;1;2
2931;1;2
2932;1;2
2933;3;2
2934;1;2
2935;1;2
2936;3;4
2937;1;2
2938;1;2
2939;1;1
2940;1;2
2941;3;2
2942;1;2
2943;1;2
2944;1;2
2945;1;3
2946;1;2
2947;3;2
2948;1;2
2949;1;2
2950;1;2
2951;1;2
2952;1;2
2953;1;2
2954;3;2
2955;1;2
2956;1;2
2957;1;2
2958;1;2
2959;3;2
2960;1;2
2961;3;2
2962;3;6
2963;1;2
2964;1;2
2965;1;3
2966;3;2
2967;1;2
2968;1;2
2969;3;4
2970;1;2
2971;1;5
2972;1;2
2973;1;2
2974;1;3
2975;1;6
2976;3;2
2977;1;3
2978;3;2
2979;1;5
2980;1;2
2981;1;2
2982;3;3
2983;1;2
2984;3;2
2985;1;2
2986;1;2
2987;1;2
2988;1;2
2989;1;3
2990;1;2
2991;3;4
2992;3;6
2993;1;6
2994;1;2
2995;3;2
2996;1;2
2997;1;2
2998;1;2
2999;1;2
3000;1;6
3001;3;2
3002;1;2
3003;1;3
3004;1;1
3005;1;2
3006;3;2
3007;1;2
3008;1;2
3009;1;2
3010;1;5
3011;1;2
3012;3;2
3013;1;2
3014;1;3
3015;1;2
3016;3;2
3017;1;2
3018;1;2
3019;1;2
3020;1;2
3021;1;2
3022;3;2
3023;1;2
3024;1;3
3025;1;2
3026;3;2
3027;1;2
3028;1;2
3029;1;2
3030;1;2
3031;1;6
3032;1;2
3033;3;2
3034;3;3
3035;3;2
3036;1;5
3037;3;2
3038;1;2
3039;1;5
3040;1;2
3041;1;2
3042;3;4
3043;1;2
3044;1;2
3045;1;2
3046;1;2
3047;1;2
3048;3;3
3049;1;2
3050;1;3
3051;1;2
3052;1;3
3053;1;2
3054;1;2
3055;1;2
3056;1;2
3057;1;2
3058;1;4
3059;1;3
3060;1;2
3061;1;6
3062;1;2
3063;3;2
3064;1;2
3065;1;1
3066;1;2
3067;1;6
3068;1;2
3069;1;2
3070;1;2
3071;1;2
3072;1;2
3073;1;2
3074;1;5
3075;3;2
3076;1;3
3077;3;3
3078;1;2
3079;1;2
3080;1;2
3081;1;6
3082;1;2
3083;1;2
3084;1;2
3085;1;2
3086;1;2
3087;3;3
3088;1;2
3089;1;2
3090;1;2
3091;1;2
3092;1;2
3093;3;2
3094;3;3
3095;1;4
3096;3;2
3097;1;2
3098;1;2
3099;3;6
3100;1;2
3101;1;2
3102;1;3
3103;3;2
3104;1;2
3105;3;2
3106;1;2
3107;1;2
3108;1;2
3109;1;3
3110;1;2
3111;1;2
3112;1;5
3113;3;4
3114;3;2
3115;3;2
3116;1;2
3117;1;2
3118;1;2
3119;3;2
3120;1;4
3121;1;2
3122;1;4
3123;3;2
3124;1;2
3125;1;2
3126;1;2
3127;1;2
3128;3;2
3129;1;2
3130;1;2
3131;1;3
3132;1;1
3133;1;3
3134;1;2
3135;1;2
3136;1;2
3137;1;2
3138;1;2
3139;1;2
3140;1;2
3141;1;2
3142;1;2
3143;1;2
3144;1;2
3145;1;2
3146;1;4
3147;1;2
3148;1;2
3149;1;2
3150;1;2
3151;1;2
3152;1;3
3153;1;2
3154;1;2
3155;1;4
3156;1;6
3157;1;2
3158;1;2
3159;1;6
3160;1;1
3161;1;2
3162;1;2
3163;3;2
3164;1;1
3165;1;2
3166;3;2
3167;1;2
3168;1;2
3169;1;2
3170;3;3
3171;3;2
3172;1;2
3173;3;2
3174;1;2
3175;1;2
3176;3;3
3177;1;2
3178;1;2
3179;1;2
3180;1;2
3181;3;3
3182;1;2
3183;1;2
3184;1;3
3185;3;3
3186;1;2
3187;1;2
3188;3;2
3189;1;1
3190;1;2
3191;1;2
3192;1;2
3193;1;2
3194;3;2
3195;3;2
3196;1;2
3197;1;2
3198;1;2
3199;1;2
3200;1;2
3201;1;2
3202;1;2
3203;1;2
3204;1;2
3205;3;5
3206;1;5
3207;1;2
3208;3;2
3209;1;2
3210;3;2
3211;3;5
3212;3;2
3213;3;2
3214;1;2
3215;1;2
3216;1;2
3217;3;2
3218;1;2
3219;1;2
3220;1;3
3221;1;2
3222;1;2
3223;1;2
3224;1;2
3225;1;2
3226;3;2
3227;1;6
3228;1;6
3229;3;2
3230;3;2
3231;1;6
3232;3;2
3233;1;2
3234;1;2
3235;1;6
3236;1;3
3237;1;2
3238;1;2
3239;1;2
3240;1;2
3241;1;2
3242;1;2
3243;1;3
3244;1;2
3245;1;2
3246;3;2
3247;1;2
3248;1;2
3249;1;2
3250;3;2
3251;1;3
3252;1;2
3253;1;2
3254;1;6
3255;3;3
3256;1;5
3257;1;2
3258;1;2
3259;1;2
3260;1;2
3261;1;2
3262;1;2
3263;1;2
3264;1;2
3265;3;2
3266;3;4
3267;3;2
3268;3;2
3269;1;2
3270;1;6
3271;1;2
3272;1;2
3273;1;3
3274;1;2
3275;1;3
3276;1;2
3277;1;6
3278;1;2
3279;3;2
3280;1;6
3281;3;6
3282;1;2
3283;1;2
3284;3;2
3285;1;2
3286;3;6
3287;3;2
3288;1;2
3289;1;2
3290;1;2
3291;1;2
3292;1;2
3293;3;2
3294;1;2
3295;1;4
3296;1;2
3297;1;2
3298;1;2
3299;3;2
3300;1;4
3301;1;2
3302;1;2
3303;3;5
3304;1;3
3305;1;2
3306;1;6
3307;1;2
3308;1;2
3309;1;2
3310;1;2
3311;1;2
3312;1;2
3313;1;2
3314;1;2
3315;1;2
3316;1;2
3317;3;2
3318;3;2
3319;1;1
3320;1;6
3321;1;2
3322;1;2
3323;1;2
3324;1;2
3325;1;2
3326;1;3
3327;3;2
3328;1;6
3329;1;3
3330;1;2
3331;1;2
3332;1;3
3333;1;2
3334;3;2
3335;1;2
3336;1;2
3337;1;2
3338;1;2
3339;1;2
3340;1;2
3341;1;2
3342;3;2
3343;1;2
3344;1;3
3345;1;2
3346;1;5
3347;1;3
3348;1;2
3349;1;2
3350;1;2
3351;1;2
3352;3;2
3353;3;2
3354;1;2
3355;3;2
3356;1;6
3357;1;3
3358;1;2
3359;3;3
3360;1;2
3361;1;2
3362;3;4
3363;1;2
3364;1;1
3365;1;2
3366;1;2
3367;3;2
3368;1;3
3369;1;2
3370;1;2
3371;1;3
3372;1;2
3373;1;3
3374;3;2
3375;1;3
3376;1;2
3377;3;2
3378;3;2
3379;1;3
3380;1;2
3381;1;2
3382;1;2
3383;1;2
3384;1;2
3385;1;2
3386;1;2
3387;1;2
3388;1;2
3389;1;2
3390;1;2
3391;1;2
3392;3;2
3393;1;3
3394;3;2
3395;1;4
3396;1;2
3397;1;2
3398;1;2
3399;1;2
3400;3;2
3401;1;2
3402;1;2
3403;1;2
3404;1;2
3405;1;2
3406;1;5
3407;1;2
3408;3;2
3409;1;3
3410;1;2
3411;1;2
3412;1;5
3413;1;2
3414;1;2
3415;3;3
3416;3;6
3417;1;2
3418;1;2
3419;3;2
3420;1;3
3421;1;2
3422;1;2
3423;1;2
3424;1;2
3425;1;4
3426;1;2
3427;1;2
3428;1;2
3429;1;2
3430;3;2
3431;3;2
3432;1;2
3433;1;2
3434;1;2
3435;1;2
3436;1;2
3437;3;2
3438;1;2
3439;1;3
3440;3;2
3441;3;6
3442;1;3
3443;1;2
3444;1;2
3445;1;2
3446;1;3
3447;1;2
3448;3;2
3449;3;2
3450;3;2
3451;3;3
3452;1;2
3453;1;2
3454;1;2
3455;1;2
3456;1;2
3457;1;5
3458;1;6
3459;1;2
3460;1;2
3461;1;2
3462;1;3
3463;1;2
3464;1;2
3465;1;6
3466;1;2
3467;1;3
3468;3;2
3469;3;2
3470;3;2
3471;1;3
3472;1;2
3473;3;2
3474;1;2
3475;1;2
3476;3;2
3477;1;2
3478;3;4
3479;1;2
3480;1;2
3481;1;2
3482;1;3
3483;1;4
3484;1;2
3485;1;2
3486;1;3
3487;1;5
3488;3;2
3489;1;3
3490;1;2
3491;1;2
3492;1;2
3493;1;2
3494;1;2
3495;1;2
3496;1;2
3497;1;2
3498;1;2
3499;1;3
3500;1;3
3501;3;2
3502;1;2
3503;1;2
3504;1;4
3505;3;3
3506;1;2
3507;1;2
3508;1;2
3509;1;6
3510;1;2
3511;1;2
3512;1;2
3513;1;1
3514;3;6
3515;1;2
3516;1;2
3517;1;3
3518;1;2
3519;1;2
3520;1;2
3521;1;2
3522;1;2
3523;1;3
3524;1;2
3525;1;2
3526;1;2
3527;3;2
3528;1;3
3529;1;2
3530;1;4
3531;1;5
3532;1;2
3533;1;4
3534;1;3
3535;1;2
3536;1;2
3537;1;2
3538;1;2
3539;1;6
3540;3;2
3541;1;2
3542;1;2
3543;3;2
3544;1;2
3545;1;2
3546;1;2
3547;1;2
3548;1;2
3549;1;6
3550;3;2
3551;3;2
3552;1;6
3553;1;2
3554;1;2
3555;1;2
3556;3;2
3557;1;2
3558;1;3
3559;1;2
3560;1;2
3561;1;2
3562;1;2
3563;1;2
3564;3;3
3565;3;2
3566;3;3
3567;1;2
3568;1;2
3569;1;2
3570;1;2
3571;1;2
3572;1;5
3573;1;2
3574;1;2
3575;3;3
3576;1;2
3577;1;2
3578;1;2
3579;1;2
3580;1;2
3581;1;2
3582;1;1
3583;1;2
3584;1;2
3585;1;2
3586;1;4
3587;1;3
3588;1;2
3589;1;2
3590;1;2
3591;1;2
3592;3;3
3593;1;2
3594;1;2
3595;1;2
3596;1;2
3597;1;2
3598;1;2
3599;3;6
3600;3;4
3601;1;4
3602;1;2
3603;1;3
3604;1;2
3605;3;2
3606;1;2
3607;1;2
3608;1;2
3609;3;2
3610;3;2
3611;1;6
3612;1;2
3613;1;2
3614;1;2
3615;1;4
3616;3;2
3617;1;2
3618;1;2
3619;1;2
3620;1;2
3621;1;6
3622;1;2
3623;1;3
3624;3;5
3625;1;2
3626;1;2
3627;1;2
3628;1;2
3629;1;2
3630;1;2
3631;1;2
3632;1;2
3633;1;2
3634;3;2
3635;1;2
3636;1;2
3637;1;2
3638;1;6
3639;1;2
3640;1;2
3641;1;2
3642;1;2
3643;1;3
3644;3;3
3645;3;3
3646;3;2
3647;1;2
3648;1;2
3649;1;2
3650;1;6
3651;1;2
3652;1;2
3653;1;2
3654;1;4
3655;1;2
3656;1;2
3657;3;3
3658;3;3
3659;1;2
3660;1;2
3661;3;3
3662;3;2
3663;1;2
3664;1;2
3665;1;6
3666;1;6
3667;1;2
3668;1;2
3669;1;2
3670;1;2
3671;1;2
3672;1;2
3673;1;3
3674;3;2
3675;1;2
3676;1;3
3677;1;2
3678;1;2
3679;1;2
3680;1;2
3681;1;2
3682;1;2
3683;1;5
3684;1;2
3685;3;5
3686;1;6
3687;1;2
3688;1;2
3689;1;2
3690;1;3
3691;1;4
3692;3;2
3693;1;2
3694;1;2
3695;1;2
3696;1;3
3697;1;2
3698;1;2
3699;1;2
3700;1;2
3701;1;2
3702;1;2
3703;1;2
3704;1;2
3705;1;2
3706;1;3
3707;1;2
3708;1;6
3709;1;2
3710;1;2
3711;1;2
3712;1;2
3713;1;2
3714;1;2
3715;1;6
3716;1;4
3717;1;1
3718;1;2
3719;1;2
3720;1;2
3721;3;2
3722;1;2
3723;1;2
3724;1;2
3725;3;2
3726;1;4
3727;1;6
3728;1;2
3729;3;6
3730;1;2
3731;1;5
3732;1;2
3733;1;2
3734;3;2
3735;3;2
3736;1;2
3737;1;2
3738;1;2
3739;1;2
3740;1;2
3741;1;2
3742;1;2
3743;3;2
3744;1;2
3745;1;6
3746;1;2
3747;3;2
3748;3;2
3749;3;2
3750;1;2
3751;1;4
3752;1;6
3753;3;6
3754;1;6
3755;3;2
3756;1;2
3757;1;2
3758;3;2
3759;1;2
3760;3;2
3761;1;2
3762;1;6
3763;1;2
3764;1;2
3765;1;2
3766;1;2
3767;1;2
3768;1;2
3769;1;2
3770;1;4
3771;1;2
3772;1;3
3773;3;2
3774;1;2
3775;1;2
3776;1;2
3777;3;6
3778;3;2
3779;1;2
3780;3;2
3781;1;2
3782;3;2
3783;1;2
3784;1;2
3785;1;2
3786;3;2
3787;1;2
3788;1;2
3789;1;2
3790;1;2
3791;3;2
3792;1;2
3793;1;2
3794;3;3
3795;1;2
3796;1;2
3797;3;2
3798;1;2
3799;1;2
3800;1;2
3801;1;2
3802;1;2
3803;1;3
3804;1;2
3805;1;6
3806;1;2
3807;1;2
3808;1;2
3809;1;2
3810;1;2
3811;1;2
3812;3;2
3813;1;3
3814;1;2
3815;1;2
3816;1;3
3817;3;5
3818;1;2
3819;1;6
3820;1;2
3821;3;2
3822;1;2
3823;1;2
3824;1;2
3825;1;2
3826;3;3
3827;1;2
3828;3;2
3829;1;2
3830;1;6
3831;1;2
3832;1;2
3833;3;2
3834;1;2
3835;1;2
3836;1;2
3837;3;2
3838;1;2
3839;1;2
3840;1;2
3841;1;1
3842;3;2
3843;3;2
3844;3;6
3845;1;2
3846;3;2
3847;1;3
3848;1;2
3849;1;2
3850;1;2
3851;1;2
3852;3;2
3853;1;2
3854;3;2
3855;1;2
3856;1;2
3857;3;3
3858;1;2
3859;1;3
3860;3;2
3861;1;2
3862;3;2
3863;1;6
3864;1;2
3865;1;2
3866;3;5
3867;3;2
3868;1;2
3869;1;2
3870;1;2
3871;3;2
3872;1;2
3873;1;4
3874;1;2
3875;1;3
3876;1;2
3877;3;2
3878;1;2
3879;1;2
3880;1;2
3881;1;2
3882;3;2
3883;1;2
3884;3;2
3885;3;5
3886;1;3
3887;1;2
3888;1;2
3889;1;2
3890;1;2
3891;1;2
3892;1;2
3893;1;2
3894;1;3
3895;1;2
3896;3;2
3897;1;2
3898;1;2
3899;1;2
3900;1;2
3901;1;2
3902;1;2
3903;1;2
3904;1;2
3905;1;2
3906;3;6
3907;1;2
3908;3;2
3909;3;2
3910;1;2
3911;3;2
3912;1;2
3913;1;2
3914;1;2
3915;1;2
3916;1;2
3917;1;3
3918;1;2
3919;1;2
3920;3;3
3921;1;2
3922;1;2
3923;1;2
3924;3;2
3925;1;2
3926;1;3
3927;1;2
3928;1;1
3929;1;2
3930;1;2
3931;1;5
3932;3;6
3933;1;2
3934;1;4
3935;3;2
3936;1;2
3937;3;2
3938;1;2
3939;3;2
3940;3;2
3941;1;2
3942;3;3
3943;1;2
3944;1;4
3945;1;2
3946;1;2
3947;1;2
3948;3;2
3949;3;2
3950;1;3
3951;1;2
3952;1;2
3953;1;2
3954;1;3
3955;1;2
3956;1;2
3957;3;5
3958;1;2
3959;1;2
3960;1;2
3961;1;2
3962;1;2
3963;3;3
3964;3;3
3965;1;2
3966;1;2
3967;1;2
3968;1;2
3969;1;2
3970;1;2
3971;1;2
3972;1;2
3973;1;2
3974;1;2
3975;1;5
3976;1;2
3977;1;2
3978;1;2
3979;1;2
3980;1;2
3981;3;2
3982;1;2
3983;3;6
3984;1;2
3985;1;2
3986;1;4
3987;3;2
3988;1;2
3989;1;2
3990;1;2
3991;1;2
3992;1;2
3993;1;2
3994;1;2
3995;1;2
3996;1;2
3997;1;2
3998;1;2
3999;3;2
4000;1;4
4001;1;4
4002;1;2
4003;1;2
4004;3;2
4005;1;2
4006;3;2
4007;1;3
4008;1;2
4009;1;2
4010;3;2
4011;1;2
4012;1;2
4013;3;2
4014;3;2
4015;3;2
4016;1;2
4017;1;2
4018;1;2
4019;3;3
4020;1;2
4021;3;2
4022;3;2
4023;3;5
4024;1;2
4025;1;2
4026;3;2
4027;1;5
4028;1;2
4029;1;2
4030;1;2
4031;1;6
4032;1;3
4033;1;2
4034;1;2
4035;3;3
4036;1;6
4037;3;3
4038;1;2
4039;3;3
4040;1;2
4041;1;2
4042;1;2
4043;1;2
4044;1;2
4045;1;2
4046;1;2
4047;1;2
4048;1;2
4049;1;3
4050;1;6
4051;1;2
4052;1;2
4053;3;2
4054;3;2
4055;1;4
4056;3;2
4057;1;2
4058;1;2
4059;1;2
4060;3;2
4061;3;3
4062;1;2
4063;1;2
4064;1;2
4065;1;2
4066;1;2
4067;1;2
4068;1;2
4069;1;3
4070;1;2
4071;1;2
4072;1;6
4073;1;2
4074;1;2
4075;1;2
4076;1;2
4077;1;2
4078;1;4
4079;3;2
4080;1;2
4081;1;2
4082;1;2
4083;3;2
4084;1;2
4085;3;2
4086;3;2
4087;3;3
4088;1;2
4089;1;2
4090;1;2
4091;3;2
4092;1;2
4093;3;6
4094;1;2
4095;3;2
4096;1;2
4097;1;2
4098;3;2
4099;1;2
4100;1;1
4101;1;2
4102;1;2
4103;3;2
4104;1;1
4105;1;4
4106;1;2
4107;1;3
4108;1;2
4109;1;2
4110;1;2
4111;3;2
4112;1;2
4113;3;2
4114;1;2
4115;1;6
4116;1;6
4117;1;2
4118;3;2
4119;1;2
4120;1;2
4121;1;2
4122;1;2
4123;1;2
4124;1;2
4125;1;2
4126;1;1
4127;1;2
4128;1;3
4129;1;2
4130;1;2
4131;3;2
4132;3;2
4133;1;2
4134;1;2
4135;3;2
4136;1;3
4137;1;6
4138;1;2
4139;3;2
4140;3;2
4141;1;2
4142;1;2
4143;1;2
4144;1;3
4145;1;2
4146;1;6
4147;3;2
4148;1;3
4149;1;2
4150;1;2
4151;1;6
4152;3;2
4153;1;3
4154;1;1
4155;1;2
4156;1;2
4157;1;2
4158;3;2
4159;3;2
4160;1;2
4161;1;2
4162;1;2
4163;1;2
4164;1;2
4165;1;2
4166;1;2
4167;1;2
4168;1;2
4169;1;2
4170;1;2
4171;1;2
4172;1;2
4173;1;2
4174;1;4
4175;3;2
4176;1;3
4177;1;2
4178;1;2
4179;1;2
4180;1;2
4181;1;2
4182;1;2
4183;1;6
4184;3;2
4185;1;2
4186;1;2
4187;1;2
4188;1;2
4189;1;2
4190;1;2
4191;1;2
4192;1;2
4193;1;6
4194;1;2
4195;1;3
4196;1;2
4197;1;3
4198;1;2
4199;1;2
4200;1;2
4201;1;4
4202;3;3
4203;1;2
4204;1;2
4205;1;2
4206;1;2
4207;3;2
4208;1;2
4209;1;2
4210;1;2
4211;1;2
4212;1;2
4213;3;2
4214;1;6
4215;1;2
4216;1;2
4217;1;2
4218;3;5
4219;1;2
4220;3;2
4221;3;3
4222;1;2
4223;1;2
4224;3;4
4225;1;2
4226;1;6
4227;1;2
4228;3;2
4229;1;3
4230;1;2
4231;1;2
4232;1;2
4233;1;2
4234;1;2
4235;1;2
4236;3;3
4237;3;2
4238;1;4
4239;1;1
4240;1;2
4241;1;1
4242;3;3
4243;1;2
4244;1;3
4245;1;2
4246;1;2
4247;3;2
4248;1;2
4249;3;2
4250;1;2
4251;1;2
4252;1;2
4253;3;2
4254;3;2
4255;1;3
4256;1;2
4257;3;2
4258;3;2
4259;1;2
4260;1;2
4261;1;2
4262;1;2
4263;3;2
4264;1;2
4265;1;2
4266;1;6
4267;1;2
4268;3;2
4269;1;2
4270;1;2
4271;1;2
4272;1;3
4273;1;2
4274;1;5
4275;1;2
4276;1;2
4277;3;2
4278;1;2
4279;1;2
4280;1;2
4281;3;2
4282;1;2
4283;1;2
4284;3;2
4285;1;2
4286;1;2
4287;3;6
4288;3;2
4289;1;2
4290;3;2
4291;1;2
4292;1;2
4293;1;2
4294;1;2
4295;1;2
4296;1;2
4297;1;3
4298;3;2
4299;3;6
4300;1;2
4301;1;2
4302;1;2
4303;1;2
4304;1;2
4305;3;2
4306;1;2
4307;1;3
4308;1;2
4309;1;2
4310;1;2
4311;1;2
4312;1;2
4313;1;2
4314;3;2
4315;1;2
4316;1;2
4317;1;2
4318;1;3
4319;1;2
4320;1;1
4321;1;2
4322;3;2
4323;3;6
4324;3;2
4325;1;2
4326;1;2
4327;1;2
4328;1;2
4329;1;2
4330;1;3
4331;1;2
4332;1;2
4333;1;2
4334;1;1
4335;1;3
4336;1;6
4337;1;5
4338;1;6
4339;1;2
4340;1;2
4341;2;6
4342;1;2
4343;1;5
4344;1;2
4345;1;2
4346;1;2
4347;1;6
4348;1;2
4349;1;2
4350;1;3
4351;1;6
4352;1;2
4353;1;2
4354;1;2
4355;1;2
4356;1;2
4357;1;2
4358;1;2
4359;1;3
4360;1;3
4361;1;2
4362;1;2
4363;1;6
4364;1;4
4365;1;2
4366;1;6
4367;1;3
4368;1;3
4369;1;6
4370;2;6
4371;1;6
4372;1;2
4373;1;3
4374;1;2
4375;1;2
4376;1;3
4377;1;3
4378;1;2
4379;1;3
4380;1;2
4381;2;4
4382;1;2
4383;1;3
4384;2;3
4385;1;2
4386;1;2
4387;1;2
4388;1;2
4389;1;3
4390;1;3
4391;1;2
4392;2;4
4393;1;3
4394;1;2
4395;1;3
4396;1;4
4397;1;2
4398;1;2
4399;1;2
4400;1;2
4401;1;2
4402;1;2
4403;1;3
4404;1;3
4405;1;2
4406;1;3
4407;1;2
4408;1;3
4409;1;3
4410;1;2
4411;1;2
4412;1;3
4413;1;2
4414;1;2
4415;1;2
4416;1;1
4417;1;4
4418;1;1
4419;1;2
4420;1;3
4421;1;2
4422;1;3
4423;1;3
4424;1;2
4425;1;3
4426;1;1
4427;1;5
4428;1;3
4429;1;2
4430;1;6
4431;1;6
4432;1;2
4433;1;3
4434;1;2
4435;1;2
4436;1;4
4437;1;6
4438;1;3
4439;1;2
4440;1;3
4441;1;3
4442;2;4
4443;1;1
4444;1;2
4445;1;2
4446;1;2
4447;1;3
4448;1;2
4449;1;2
4450;1;2
4451;1;6
4452;2;3
4453;1;3
4454;1;2
4455;1;3
4456;1;3
4457;1;2
4458;1;2
4459;1;2
4460;1;4
4461;1;3
4462;1;5
4463;1;2
4464;1;5
4465;1;3
4466;1;5
4467;1;2
4468;1;6
4469;1;2
4470;1;2
4471;2;6
4472;1;2
4473;1;2
4474;1;3
4475;1;3
4476;1;6
4477;1;2
4478;1;2
4479;1;2
4480;1;3
4481;1;6
4482;1;5
4483;1;3
4484;1;3
4485;1;3
4486;1;2
4487;1;3
4488;1;2
4489;1;2
4490;1;2
4491;1;3
4492;1;2
4493;1;4
4494;1;2
4495;1;2
4496;1;2
4497;1;2
4498;1;2
4499;1;3
4500;1;6
4501;1;3
4502;1;2
4503;1;2
4504;1;5
4505;1;2
4506;1;3
4507;1;3
4508;1;2
4509;1;3
4510;1;2
4511;1;3
4512;1;2
4513;1;3
4514;1;3
4515;1;6
4516;1;2
4517;1;3
4518;1;3
4519;2;2
4520;1;3
4521;1;6
4522;1;2
4523;1;6
4524;1;6
4525;1;3
4526;1;2
4527;1;2
4528;1;2
4529;1;6
4530;1;2
4531;1;5
4532;1;2
4533;1;3
4534;1;5
4535;1;6
4536;1;2
4537;1;2
4538;1;6
4539;2;3
4540;1;3
4541;1;6
4542;1;2
4543;2;3
4544;1;6
4545;1;2
4546;1;3
4547;1;2
4548;1;6
4549;1;4
4550;1;4
4551;1;3
4552;1;3
4553;1;6
4554;1;3
4555;1;2
4556;1;1
4557;1;3
4558;1;5
4559;1;2
4560;1;2
4561;1;2
4562;1;2
4563;1;3
4564;1;2
4565;1;3
4566;1;4
4567;1;3
4568;1;2
4569;1;2
4570;1;5
4571;1;3
4572;1;2
4573;1;5
4574;1;2
4575;1;2
4576;1;4
4577;1;3
4578;1;3
4579;3;3
4580;3;2
4581;1;2
4582;3;2
4583;1;3
4584;3;2
4585;1;2
4586;1;2
4587;3;2
4588;3;2
4589;3;3
4590;1;3
4591;1;5
4592;1;2
4593;3;2
4594;3;2
4595;3;3
4596;3;5
4597;1;2
4598;3;2
4599;1;2
4600;3;2
4601;3;2
4602;3;2
4603;3;5
4604;3;2
4605;3;2
4606;3;5
4607;1;3
4608;1;2
4609;1;5
4610;1;2
4611;3;3
4612;3;3
4613;1;5
4614;1;2
4615;3;2
4616;1;3
4617;3;3
4618;3;2
4619;3;2
4620;1;4
4621;1;3
4622;1;3
4623;1;2
4624;3;5
4625;1;3
4626;3;5
4627;3;5
4628;3;2
4629;1;2
4630;3;5
4631;1;5
4632;3;5
4633;3;5
4634;1;2
4635;3;2
4636;1;2
4637;1;2
4638;3;2
4639;3;5
4640;3;2
4641;1;2
4642;1;4
4643;1;3
4644;1;2
4645;1;1
4646;1;2
4647;1;2
4648;1;3
4649;1;2
4650;1;2
4651;3;4
4652;3;2
4653;3;3
4654;3;3
4655;3;2
4656;3;2
4657;1;2
4658;3;2
4659;3;2
4660;3;2
4661;1;2
4662;3;2
4663;3;3
4664;3;2
4665;1;4
4666;1;2
4667;1;2
4668;3;2
4669;1;6
4670;1;2
4671;1;2
4672;1;2
4673;1;2
4674;1;2
4675;3;2
4676;3;3
4677;1;4
4678;3;2
4679;1;2
4680;1;2
4681;1;5
4682;3;6
4683;1;2
4684;1;3
4685;3;2
4686;3;2
4687;3;3
4688;1;2
4689;1;6
4690;1;5
4691;1;6
4692;1;6
4693;1;2
4694;1;2
4695;1;2
4696;1;6
4697;1;2
4698;1;2
4699;1;6
4700;1;6
4701;1;3
4702;1;2
4703;1;3
4704;1;2
4705;1;6
4706;1;2
4707;1;6
4708;1;2
4709;1;2
4710;1;3
4711;1;2
4712;1;5
4713;1;5
4714;3;2
4715;3;2
4716;3;3
4717;3;2
4718;3;3
4719;1;2
4720;1;6
4721;1;2
4722;1;3
4723;3;2
4724;1;2
4725;1;3
4726;1;3
4727;1;2
4728;3;3
4729;3;2
4730;3;2
4731;3;2
4732;1;6
4733;1;2
4734;3;2
4735;1;2
4736;3;3
4737;1;5
4738;3;2
4739;1;2
4740;3;3
4741;1;3
4742;1;5
4743;1;4
4744;3;2
4745;1;2
4746;1;4
4747;1;5
4748;3;3
4749;1;6
4750;3;3
4751;1;2
4752;1;2
4753;1;3
4754;1;2
4755;3;2
4756;3;5
4757;1;2
4758;1;2
4759;1;2
4760;3;2
4761;1;2
4762;1;3
4763;1;2
4764;3;6
4765;3;3
4766;1;3
4767;1;2
4768;1;2
4769;1;2
4770;3;2
4771;1;6
4772;1;6
4773;1;2
4774;1;2
4775;1;2
4776;1;3
4777;1;2
4778;1;5
4779;3;6
4780;1;3
4781;1;2
4782;3;2
4783;1;2
4784;3;2
4785;1;2
4786;3;2
4787;1;3
4788;1;2
4789;1;2
4790;1;5
4791;1;2
4792;3;2
4793;3;6
4794;1;5
4795;1;2
4796;1;2
4797;1;2
4798;3;6
4799;3;2
4800;1;4
4801;3;2
4802;1;2
4803;3;2
4804;3;2
4805;3;6
4806;1;2
4807;1;4
4808;3;2
4809;1;2
4810;1;3
4811;1;2
4812;1;2
4813;1;2
4814;1;2
4815;1;2
4816;3;2
4817;1;2
4818;1;2
4819;1;2
4820;1;2
4821;1;1
4822;3;2
4823;1;2
4824;1;2
4825;1;3
4826;3;2
4827;3;2
4828;3;6
4829;1;2
4830;1;2
4831;3;3
4832;3;2
4833;1;2
4834;3;2
4835;3;2
4836;3;3
4837;1;2
4838;3;2
4839;1;5
4840;1;2
4841;1;2
4842;1;5
4843;1;3
4844;1;2
4845;3;6
4846;1;2
4847;3;2
4848;1;3
4849;1;3
4850;1;2
4851;3;2
4852;1;2
4853;1;6
4854;3;2
4855;1;2
4856;1;2
4857;3;5
4858;3;2
4859;1;5
4860;1;2
4861;1;2
4862;1;3
4863;1;2
4864;1;2
4865;1;2
4866;1;2
4867;1;2
4868;3;3
4869;3;2
4870;1;2
4871;3;2
4872;3;3
4873;1;2
4874;1;2
4875;1;2
4876;3;3
4877;1;2
4878;1;2
4879;1;6
4880;3;3
4881;3;2
4882;1;2
4883;1;3
4884;3;3
4885;1;2
4886;3;2
4887;3;3
4888;1;3
4889;1;2
4890;1;2
4891;1;3
4892;1;2
4893;1;2
4894;3;3
4895;1;5
4896;1;4
4897;1;6
4898;1;2
4899;3;2
4900;1;2
4901;1;2
4902;3;2
4903;3;4
4904;3;2
4905;1;4
4906;1;2
4907;3;2
4908;1;5
4909;1;5
4910;1;2
4911;1;2
4912;3;2
4913;1;2
4914;1;2
4915;3;6
4916;3;2
4917;1;2
4918;1;6
4919;1;2
4920;1;3
4921;1;3
4922;1;2
4923;1;3
4924;1;3
4925;1;4
4926;1;3
4927;1;2
4928;1;2
4929;1;2
4930;1;3
4931;1;3
4932;1;2
4933;1;4
4934;1;2
4935;1;2
4936;1;2
4937;2;1
4938;1;4
4939;1;6
4940;1;3
4941;1;3
4942;2;1
4943;1;3
4944;1;3
4945;1;3
4946;1;1
4947;1;3
4948;1;2
4949;1;3
4950;1;6
4951;1;4
4952;1;2
4953;1;6
4954;1;2
4955;1;2
4956;1;2
4957;1;6
4958;1;3
4959;1;3
4960;1;6
4961;1;2
4962;1;2
4963;1;3
4964;1;6
4965;1;6
4966;1;6
4967;1;2
4968;1;6
4969;1;3
4970;2;5
4971;1;2
4972;1;2
4973;1;6
4974;2;6
4975;1;2
4976;1;6
4977;2;4
4978;1;3
4979;1;3
4980;1;6
4981;1;4
4982;1;3
4983;1;2
4984;1;2
4985;1;3
4986;1;3
4987;1;4
4988;1;3
4989;1;2
4990;1;2
4991;1;2
4992;1;1
4993;2;3
4994;1;6
4995;1;3
4996;1;4
4997;1;2
4998;1;6
4999;1;3
5000;1;2
5001;1;3
5002;1;2
5003;2;4
5004;1;6
5005;1;2
5006;1;1
5007;1;5
5008;1;2
5009;1;6
5010;1;2
5011;1;3
5012;1;3
5013;2;3
5014;1;4
5015;1;6
5016;1;2
5017;1;2
5018;1;1
5019;1;3
5020;2;6
5021;1;2
5022;1;2
5023;1;3
5024;1;3
5025;1;3
5026;1;3
5027;1;2
5028;2;6
5029;1;3
5030;1;3
5031;1;2
5032;2;3
5033;1;2
5034;2;6
5035;2;6
5036;1;4
5037;1;2
5038;1;4
5039;1;1
5040;2;3
5041;2;1
5042;1;4
5043;1;2
5044;1;2
5045;1;3
5046;1;2
5047;1;2
5048;1;3
5049;1;3
5050;1;3
5051;1;3
5052;1;2
5053;1;3
5054;1;2
5055;1;3
5056;1;6
5057;1;2
5058;1;6
5059;1;3
5060;1;3
5061;1;3
5062;1;5
5063;1;3
5064;1;3
5065;1;3
5066;1;3
5067;1;3
5068;1;6
5069;1;2
5070;1;2
5071;1;3
5072;1;2
5073;1;3
5074;1;1
5075;1;2
5076;1;3
5077;1;2
5078;1;2
5079;1;3
5080;1;3
5081;1;3
5082;1;3
5083;1;3
5084;1;2
5085;1;3
5086;1;3
5087;1;3
5088;1;5
5089;1;2
5090;1;3
5091;1;3
5092;1;2
5093;1;3
5094;1;2
5095;1;3
5096;1;3
5097;1;6
5098;1;3
5099;1;2
5100;1;3
5101;1;3
5102;1;3
5103;1;6
5104;1;3
5105;1;2
5106;1;3
5107;1;3
5108;1;3
5109;1;3
5110;1;2
5111;1;3
5112;1;2
5113;1;5
5114;1;3
5115;1;4
5116;1;6
5117;1;6
5118;2;3
5119;2;6
5120;1;3
5121;2;6
5122;1;3
5123;2;3
5124;2;3
5125;2;3
5126;2;5
5127;1;6
5128;1;3
5129;1;6
5130;1;5
5131;1;4
5132;1;2
5133;1;3
5134;1;2
5135;1;3
5136;1;3
5137;1;2
5138;1;6
5139;1;3
5140;1;4
5141;1;4
5142;1;6
5143;1;1
5144;1;5
5145;1;3
5146;1;3
5147;1;6
5148;1;3
5149;1;5
5150;1;6
5151;1;2
5152;1;4
5153;1;3
5154;1;4
5155;1;3
5156;1;3
5157;1;3
5158;1;1
5159;1;6
5160;1;2
5161;1;6
5162;1;2
5163;1;6
5164;1;3
5165;1;6
5166;1;3
5167;1;3
5168;1;6
5169;1;4
5170;1;2
5171;1;1
5172;1;6
5173;1;3
5174;1;3
5175;1;3
5176;1;2
5177;1;2
5178;1;3
5179;1;3
5180;1;2
5181;1;3
5182;1;3
5183;1;2
5184;1;3
5185;1;3
5186;1;6
5187;1;2
5188;1;2
5189;1;4
5190;1;3
5191;1;2
5192;1;3
5193;1;3
5194;1;4
5195;1;3
5196;1;3
5197;1;3
5198;1;3
5199;1;2
5200;1;4
5201;1;2
5202;1;2
5203;1;3
5204;1;3
5205;1;3
5206;1;3
5207;1;2
5208;1;3
5209;1;3
5210;1;2
5211;1;2
5212;1;3
5213;1;3
5214;1;3
5215;1;3
5216;1;3
5217;1;3
5218;1;2
5219;1;3
5220;1;3
5221;1;3
5222;1;2
5223;1;2
5224;1;2
5225;1;3
5226;1;3
5227;1;2
5228;1;2
5229;1;3
5230;1;2
5231;1;3
5232;1;3
5233;1;3
5234;3;2
5235;1;6
5236;1;6
5237;3;3
5238;3;3
5239;1;3
5240;1;2
5241;1;5
5242;1;6
5243;3;6
5244;3;6
5245;1;3
5246;3;2
5247;3;3
5248;3;3
5249;1;3
5250;1;3
5251;1;2
5252;3;6
5253;1;2
5254;3;3
5255;1;3
5256;1;4
5257;1;4
5258;3;3
5259;1;2
5260;1;2
5261;1;1
5262;1;3
5263;1;2
5264;1;2
5265;1;6
5266;3;3
5267;1;3
5268;1;3
5269;1;3
5270;1;3
5271;1;3
5272;1;2
5273;1;4
5274;1;2
5275;1;3
5276;1;3
5277;1;3
5278;1;3
5279;1;3
5280;1;3
5281;1;3
5282;1;3
5283;1;6
5284;1;3
5285;1;3
5286;1;3
5287;1;6
5288;1;3
5289;1;2
5290;1;2
5291;1;2
5292;1;3
5293;1;3
5294;1;4
5295;1;3
5296;1;2
5297;1;4
5298;1;3
5299;1;3
5300;1;3
5301;1;2
5302;1;3
5303;1;3
5304;1;2
5305;1;2
5306;1;3
5307;1;3
5308;1;3
5309;1;3
5310;1;3
5311;1;3
5312;1;6
5313;1;3
5314;1;3
5315;1;3
5316;1;2
5317;1;3
5318;1;3
5319;1;2
5320;1;3
5321;1;3
5322;3;3
5323;3;3
5324;1;3
5325;3;3
5326;1;3
5327;1;6
5328;3;4
5329;1;6
5330;1;3
5331;1;3
5332;1;3
5333;1;2
5334;1;3
5335;1;3
5336;1;3
5337;1;3
5338;1;3
5339;3;3
5340;3;3
5341;1;3
5342;3;3
5343;1;3
5344;3;3
5345;1;6
5346;1;3
5347;1;3
5348;1;3
5349;3;3
5350;1;3
5351;1;3
5352;1;3
5353;1;3
5354;1;3
5355;3;3
5356;1;1
5357;3;2
5358;3;3
5359;1;6
5360;1;5
5361;1;3
5362;1;6
5363;3;3
5364;1;2
5365;1;3
5366;3;3
5367;1;3
5368;3;3
5369;1;3
5370;3;3
5371;1;3
5372;3;3
5373;1;3
5374;1;4
5375;1;2
5376;1;3
5377;1;3
5378;1;6
5379;1;3
5380;1;3
5381;1;2
5382;1;2
5383;1;3
5384;1;3
5385;1;3
5386;3;2
5387;1;3
5388;1;2
5389;1;3
5390;1;3
5391;3;2
5392;3;3
5393;1;3
5394;1;3
5395;1;1
5396;3;3
5397;3;3
5398;1;3
5399;1;3
5400;3;3
5401;1;3
5402;1;3
5403;1;3
5404;3;3
5405;1;3
5406;3;2
5407;3;2
5408;1;6
5409;1;3
5410;1;2
5411;3;6
5412;3;3
5413;1;3
5414;1;2
5415;1;3
5416;1;2
5417;3;2
5418;3;3
5419;3;3
5420;1;3
5421;3;3
5422;1;3
5423;1;2
5424;1;3
5425;3;3
5426;3;2
5427;1;2
5428;1;2
5429;1;3
5430;3;2
5431;1;3
5432;1;3
5433;1;3
5434;1;3
5435;1;2
5436;1;3
5437;1;2
5438;3;2
5439;3;3
5440;1;6
5441;1;3
5442;1;3
5443;1;2
5444;1;3
5445;1;3
5446;3;3
5447;1;6
5448;1;6
5449;3;6
5450;1;3
5451;1;6
5452;3;3
5453;1;6
5454;1;3
5455;1;3
5456;1;6
5457;3;2
5458;3;2
5459;3;2
5460;3;2
5461;3;3
5462;1;6
5463;1;3
5464;1;3
5465;1;3
5466;3;4
5467;1;2
5468;3;3
5469;1;3
5470;1;3
5471;1;1
5472;3;6
5473;3;2
5474;1;3
5475;1;3
5476;1;3
5477;1;3
5478;1;4
5479;1;6
5480;1;3
5481;3;3
5482;1;3
5483;3;6
5484;1;3
5485;3;3
5486;1;3
5487;1;3
5488;1;5
5489;1;3
5490;1;3
5491;1;3
5492;1;3
5493;1;3
5494;1;6
5495;1;4
5496;3;2
5497;1;3
5498;3;2
5499;3;3
5500;1;3
5501;1;6
5502;1;3
5503;1;3
5504;1;3
5505;1;3
5506;1;3
5507;1;3
5508;1;3
5509;1;2
5510;1;3
5511;3;6
5512;1;3
5513;1;3
5514;1;6
5515;1;6
5516;1;3
5517;1;5
5518;1;4
5519;1;3
5520;1;6
5521;3;3
5522;1;3
5523;1;3
5524;1;3
5525;1;4
5526;1;2
5527;1;2
5528;3;3
5529;1;3
5530;1;3
5531;3;6
5532;1;3
5533;3;3
5534;1;3
5535;1;2
5536;1;3
5537;3;3
5538;1;3
5539;1;3
5540;1;3
5541;1;3
5542;3;6
5543;3;2
5544;1;1
5545;1;4
5546;3;2
5547;3;3
5548;1;3
5549;1;3
5550;3;3
5551;1;3
5552;1;3
5553;1;2
5554;1;3
5555;1;3
5556;1;3
5557;1;6
5558;3;3
5559;1;5
5560;3;6
5561;1;2
5562;1;3
5563;1;4
5564;1;3
5565;1;5
5566;3;3
5567;1;2
5568;1;3
5569;1;3
5570;1;3
5571;1;6
5572;1;3
5573;1;3
5574;1;3
5575;3;6
5576;1;3
5577;1;2
5578;3;3
5579;1;3
5580;3;3
5581;1;3
5582;3;2
5583;1;3
5584;3;2
5585;1;3
5586;1;3
5587;1;2
5588;1;3
5589;3;3
5590;1;3
5591;3;3
5592;3;3
5593;1;6
5594;1;2
5595;1;1
5596;1;3
5597;3;6
5598;1;3
5599;3;3
5600;1;3
5601;1;3
5602;1;2
5603;1;6
5604;1;3
5605;1;3
5606;1;6
5607;1;3
5608;1;2
5609;1;3
5610;1;6
5611;1;6
5612;3;2
5613;3;6
5614;1;3
5615;3;3
5616;1;2
5617;1;5
5618;1;3
5619;3;3
5620;1;2
5621;3;3
5622;1;3
5623;1;3
5624;3;3
5625;1;3
5626;1;3
5627;3;2
5628;1;5
5629;1;3
5630;1;3
5631;1;3
5632;1;3
5633;1;3
5634;1;3
5635;3;3
5636;3;2
5637;1;3
5638;1;2
5639;1;6
5640;3;3
5641;1;3
5642;1;3
5643;1;3
5644;3;3
5645;1;3
5646;3;6
5647;1;3
5648;1;3
5649;3;2
5650;1;2
5651;1;6
5652;1;3
5653;3;3
5654;3;3
5655;3;3
5656;3;2
5657;1;2
5658;3;2
5659;1;2
5660;1;6
5661;1;1
5662;1;6
5663;3;6
5664;1;3
5665;3;3
5666;1;3
5667;3;3
5668;3;2
5669;3;3
5670;1;3
5671;1;3
5672;1;3
5673;1;2
5674;1;3
5675;1;3
5676;1;6
5677;3;3
5678;1;1
5679;1;3
5680;1;3
5681;3;2
5682;1;3
5683;1;3
5684;3;3
5685;1;6
5686;3;3
5687;3;3
5688;1;6
5689;3;3
5690;1;3
5691;1;4
5692;3;3
5693;1;2
5694;1;2
5695;1;6
5696;3;3
5697;1;3
5698;1;3
5699;1;3
5700;1;3
5701;1;6
5702;3;3
5703;1;3
5704;1;1
5705;1;3
5706;3;3
5707;1;3
5708;1;2
5709;1;3
5710;3;3
5711;1;3
5712;3;4
5713;1;3
5714;3;3
5715;1;6
5716;3;2
5717;3;3
5718;1;2
5719;3;2
5720;1;3
5721;1;6
5722;1;3
5723;1;3
5724;1;3
5725;1;1
5726;1;2
5727;1;3
5728;1;5
5729;1;2
5730;3;2
5731;1;3
5732;1;3
5733;3;3
5734;1;3
5735;1;3
5736;1;6
5737;1;5
5738;1;3
5739;1;2
5740;1;3
5741;1;3
5742;1;2
5743;3;3
5744;1;3
5745;1;4
5746;1;6
5747;3;3
5748;1;1
5749;3;3
5750;1;3
5751;1;3
5752;1;3
5753;1;3
5754;3;2
5755;3;6
5756;1;3
5757;1;3
5758;1;6
5759;1;3
5760;3;6
5761;3;3
5762;3;3
5763;3;2
5764;3;3
5765;1;3
5766;3;2
5767;1;3
5768;3;2
5769;1;6
5770;1;3
5771;3;3
5772;3;4
5773;1;1
5774;1;4
5775;3;2
5776;1;3
5777;3;2
5778;1;5
5779;1;3
5780;3;2
5781;1;3
5782;1;3
5783;1;3
5784;3;3
5785;1;3
5786;1;3
5787;3;2
5788;1;3
5789;1;3
5790;1;3
5791;1;2
5792;1;3
5793;1;3
5794;3;6
5795;3;3
5796;1;6
5797;1;3
5798;1;3
5799;1;2
5800;1;3
5801;1;3
5802;1;3
5803;3;3
5804;1;3
5805;1;3
5806;1;3
5807;1;3
5808;1;3
5809;3;4
5810;1;3
5811;3;3
5812;1;3
5813;1;3
5814;1;2
5815;1;6
5816;3;3
5817;1;6
5818;1;3
5819;1;1
5820;1;2
5821;3;3
5822;1;3
5823;1;4
5824;1;3
5825;3;2
5826;1;2
5827;1;3
5828;1;3
5829;3;2
5830;1;2
5831;1;6
5832;3;3
5833;1;2
5834;1;3
5835;1;3
5836;1;6
5837;1;3
5838;3;2
5839;3;3
5840;3;3
5841;3;6
5842;1;6
5843;1;2
5844;1;3
5845;1;3
5846;1;2
5847;1;3
5848;1;3
5849;1;6
5850;3;3
5851;3;3
5852;1;3
5853;1;3
5854;3;3
5855;1;3
5856;1;6
5857;1;3
5858;1;3
5859;1;3
5860;3;4
5861;1;3
5862;3;3
5863;3;3
5864;1;6
5865;1;2
5866;3;2
5867;1;5
5868;3;3
5869;1;3
5870;1;3
5871;1;3
5872;1;3
5873;1;3
5874;1;3
5875;1;3
5876;1;3
5877;1;6
5878;1;3
5879;3;3
5880;1;3
5881;1;1
5882;3;2
5883;3;3
5884;1;3
5885;1;4
5886;1;3
5887;1;2
5888;1;2
5889;1;3
5890;1;2
5891;1;3
5892;1;3
5893;1;2
5894;1;3
5895;1;3
5896;1;6
5897;1;3
5898;1;3
5899;1;2
5900;1;3
5901;1;3
5902;1;6
5903;1;2
5904;1;2
5905;1;2
5906;1;3
5907;1;3
5908;3;2
5909;1;2
5910;3;3
5911;1;3
5912;1;3
5913;1;2
5914;1;3
5915;1;3
5916;1;3
5917;1;3
5918;1;3
5919;1;3
5920;1;2
5921;1;3
5922;1;3
5923;1;3
5924;1;2
5925;1;3
5926;1;3
5927;1;1
5928;1;3
5929;1;2
5930;1;2
5931;1;2
5932;1;3
5933;1;3
5934;1;2
5935;1;2
5936;1;2
5937;1;3
5938;1;3
5939;1;3
5940;1;3
5941;1;2
5942;1;6
5943;1;3
5944;1;2
5945;1;4
5946;1;3
5947;1;2
5948;1;3
5949;1;3
5950;1;2
5951;1;3
5952;1;3
5953;1;2
5954;1;2
5955;1;3
5956;1;3
5957;1;3
5958;1;3
5959;1;2
5960;1;3
5961;1;3
5962;1;3
5963;1;2
5964;1;3
5965;1;3
5966;1;3
5967;1;2
5968;1;3
5969;3;3
5970;3;3
5971;3;3
5972;3;3
5973;1;2
5974;3;6
5975;1;6
5976;1;3
5977;1;3
5978;1;3
5979;3;3
5980;1;2
5981;1;2
5982;3;3
5983;1;3
5984;3;6
5985;1;3
5986;3;6
5987;1;1
5988;3;2
5989;3;6
5990;1;2
5991;3;6
5992;1;3
5993;1;3
5994;1;2
5995;3;3
5996;1;2
5997;1;3
5998;1;5
5999;1;3
6000;3;3
6001;1;2
6002;1;3
6003;1;3
6004;1;3
6005;3;3
6006;3;3
6007;3;3
6008;1;3
6009;1;2
6010;3;2
6011;3;3
6012;3;3
6013;1;3
6014;1;3
6015;3;3
6016;1;3
6017;1;3
6018;3;3
6019;3;3
6020;3;2
6021;1;3
6022;3;3
6023;3;2
6024;3;2
6025;3;3
6026;3;2
6027;3;2
6028;1;2
6029;1;3
6030;1;3
6031;3;3
6032;1;3
6033;1;3
6034;1;3
6035;3;3
6036;1;3
6037;3;3
6038;1;3
6039;3;3
6040;3;3
6041;1;3
6042;1;3
6043;1;2
6044;3;2
6045;1;3
6046;3;3
6047;1;3
6048;3;6
6049;3;6
6050;3;3
6051;1;2
6052;3;3
6053;3;3
6054;3;3
6055;3;3
6056;1;6
6057;1;2
6058;3;3
6059;1;2
6060;1;3
6061;1;3
6062;3;3
6063;3;3
6064;1;3
6065;1;3
6066;1;3
6067;3;3
6068;1;3
6069;3;3
6070;1;2
6071;3;2
6072;1;3
6073;3;2
6074;1;3
6075;1;6
6076;3;3
6077;1;2
6078;3;3
6079;1;3
6080;3;3
6081;3;3
6082;3;2
6083;1;3
6084;3;2
6085;1;3
6086;3;3
6087;1;2
6088;3;6
6089;1;3
6090;1;3
6091;3;4
6092;1;2
6093;3;3
6094;1;3
6095;3;3
6096;3;2
6097;1;3
6098;3;2
6099;3;2
6100;3;3
6101;3;2
6102;3;3
6103;1;2
6104;1;3
6105;1;3
6106;1;3
6107;1;3
6108;1;5
6109;1;2
6110;1;3
6111;3;3
6112;1;3
6113;1;6
6114;1;2
6115;3;3
6116;1;3
6117;3;6
6118;1;3
6119;3;5
6120;3;3
6121;1;3
6122;1;3
6123;3;3
6124;3;3
6125;1;3
6126;3;2
6127;3;6
6128;1;3
6129;1;3
6130;3;3
6131;3;3
6132;3;6
6133;3;3
6134;1;3
6135;3;2
6136;1;3
6137;1;3
6138;1;3
6139;3;3
6140;3;3
6141;1;3
6142;1;2
6143;3;6
6144;1;3
6145;3;2
6146;3;2
6147;1;3
6148;1;3
6149;3;3
6150;3;3
6151;1;3
6152;1;6
6153;3;3
6154;1;3
6155;1;3
6156;1;2
6157;3;3
6158;3;2
6159;3;3
6160;3;2
6161;1;2
6162;3;2
6163;3;2
6164;1;3
6165;1;3
6166;3;3
6167;3;3
6168;1;3
6169;3;2
6170;3;3
6171;1;2
6172;1;3
6173;3;3
6174;1;3
6175;1;6
6176;3;3
6177;1;3
6178;1;3
6179;3;3
6180;3;2
6181;3;6
6182;3;6
6183;3;3
6184;3;2
6185;3;4
6186;1;2
6187;1;3
6188;1;2
6189;1;3
6190;3;3
6191;3;2
6192;1;2
6193;1;6
6194;3;3
6195;1;3
6196;1;3
6197;3;3
6198;3;2
6199;1;3
6200;3;4
6201;1;3
6202;3;3
6203;1;6
6204;1;3
6205;1;2
6206;3;3
6207;3;3
6208;1;3
6209;1;3
6210;1;4
6211;1;3
6212;1;3
6213;1;3
6214;3;2
6215;3;2
6216;1;3
6217;3;6
6218;3;3
6219;1;3
6220;1;3
6221;1;3
6222;3;3
6223;3;3
6224;3;2
6225;1;3
6226;1;3
6227;1;3
6228;1;3
6229;3;3
6230;1;3
6231;1;6
6232;1;3
6233;3;3
6234;3;3
6235;3;6
6236;3;2
6237;3;3
6238;1;3
6239;3;3
6240;3;2
6241;3;2
6242;1;3
6243;3;3
6244;1;3
6245;3;3
6246;3;3
6247;1;3
6248;1;4
6249;3;3
6250;1;2
6251;3;2
6252;1;2
6253;3;6
6254;1;2
6255;3;3
6256;3;3
6257;1;3
6258;3;2
6259;1;2
6260;1;2
6261;3;2
6262;3;2
6263;3;3
6264;1;2
6265;1;3
6266;1;2
6267;3;3
6268;3;3
6269;3;3
6270;1;3
6271;3;3
6272;1;3
6273;3;3
6274;1;6
6275;1;2
6276;1;2
6277;1;2
6278;1;3
6279;1;3
6280;3;3
6281;1;3
6282;3;3
6283;1;3
6284;1;3
6285;1;2
6286;3;3
6287;3;3
6288;1;2
6289;3;2
6290;3;3
6291;3;3
6292;1;6
6293;1;6
6294;1;3
6295;3;2
6296;1;3
6297;3;2
6298;3;2
6299;1;3
6300;1;6
6301;3;4
6302;1;3
6303;1;3
6304;1;3
6305;3;3
6306;1;2
6307;1;3
6308;3;3
6309;1;3
6310;1;3
6311;3;3
6312;3;2
6313;3;2
6314;3;4
6315;1;3
6316;1;2
6317;3;4
6318;3;3
6319;3;3
6320;1;4
6321;1;2
6322;1;2
6323;3;3
6324;3;3
6325;1;3
6326;3;6
6327;3;3
6328;3;3
6329;1;3
6330;1;3
6331;1;3
6332;3;4
6333;1;3
6334;1;3
6335;1;2
6336;3;6
6337;1;3
6338;1;3
6339;3;3
6340;3;3
6341;3;3
6342;1;2
6343;3;5
6344;1;3
6345;3;3
6346;3;2
6347;1;3
6348;1;3
6349;3;3
6350;3;3
6351;1;3
6352;3;3
6353;3;3
6354;3;3
6355;3;3
6356;3;2
6357;1;6
6358;3;2
6359;1;2
6360;1;3
6361;1;2
6362;3;3
6363;1;3
6364;1;3
6365;1;3
6366;1;2
6367;1;3
6368;1;3
6369;3;4
6370;1;3
6371;1;3
6372;3;3
6373;1;4
6374;3;2
6375;3;3
6376;1;3
6377;3;3
6378;3;3
6379;1;3
6380;3;2
6381;1;2
6382;3;2
6383;1;2
6384;3;3
6385;1;2
6386;1;3
6387;3;6
6388;1;3
6389;1;3
6390;3;3
6391;3;3
6392;1;3
6393;3;3
6394;1;3
6395;1;3
6396;1;3
6397;1;3
6398;3;3
6399;3;3
6400;3;3
6401;3;3
6402;1;3
6403;3;2
6404;3;3
6405;3;6
6406;1;4
6407;3;3
6408;1;3
6409;1;4
6410;1;3
6411;1;2
6412;1;6
6413;1;3
6414;1;3
6415;1;2
6416;3;3
6417;1;3
6418;1;3
6419;1;3
6420;1;3
6421;1;3
6422;3;3
6423;3;3
6424;3;3
6425;1;6
6426;3;3
6427;1;3
6428;1;3
6429;1;3
6430;1;3
6431;1;3
6432;3;2
6433;1;3
6434;3;3
6435;1;4
6436;1;4
6437;1;2
6438;1;3
6439;3;3
6440;1;2
6441;3;3
6442;3;3
6443;1;3
6444;1;3
6445;1;2
6446;3;3
6447;1;6
6448;3;3
6449;1;3
6450;1;4
6451;1;3
6452;3;3
6453;1;3
6454;3;3
6455;1;3
6456;1;3
6457;3;2
6458;3;6
6459;3;3
6460;1;3
6461;1;3
6462;1;3
6463;3;2
6464;1;6
6465;1;3
6466;3;2
6467;3;3
6468;1;2
6469;3;3
6470;3;3
6471;3;3
6472;1;3
6473;1;3
6474;3;4
6475;3;3
6476;3;3
6477;1;3
6478;1;3
6479;3;3
6480;1;4
6481;3;4
6482;3;3
6483;1;6
6484;3;3
6485;1;2
6486;1;2
6487;3;3
6488;1;6
6489;1;6
6490;1;2
6491;1;3
6492;1;4
6493;1;2
6494;1;2
6495;3;4
6496;1;3
6497;1;3
6498;3;2
6499;3;3
6500;3;2
6501;3;3
6502;1;3
6503;1;3
6504;3;3
6505;1;3
6506;1;2
6507;1;2
6508;1;3
6509;1;2
6510;3;3
6511;3;6
6512;1;2
6513;3;2
6514;1;3
6515;3;3
6516;1;3
6517;1;3
6518;3;3
6519;1;3
6520;3;3
6521;1;2
6522;1;3
6523;3;2
6524;1;2
6525;1;3
6526;1;3
6527;1;3
6528;1;6
6529;3;2
6530;3;3
6531;1;2
6532;3;3
6533;3;3
6534;3;3
6535;1;4
6536;3;6
6537;1;6
6538;3;3
6539;1;3
6540;1;2
6541;1;3
6542;3;3
6543;1;3
6544;1;6
6545;1;2
6546;1;3
6547;1;2
6548;3;3
6549;1;3
6550;1;2
6551;1;3
6552;1;6
6553;1;3
6554;1;3
6555;1;2
6556;3;2
6557;3;3
6558;3;2
6559;1;3
6560;1;3
6561;1;3
6562;1;3
6563;1;3
6564;1;4
6565;1;3
6566;1;6
6567;3;3
6568;1;2
6569;1;3
6570;3;2
6571;3;3
6572;1;3
6573;1;3
6574;1;3
6575;3;3
6576;3;2
6577;3;3
6578;1;2
6579;3;3
6580;1;4
6581;3;3
6582;1;6
6583;3;5
6584;3;6
6585;3;3
6586;1;3
6587;1;3
6588;3;3
6589;3;3
6590;3;2
6591;3;2
6592;3;3
6593;3;3
6594;1;3
6595;3;3
6596;3;3
6597;1;3
6598;1;3
6599;3;5
6600;1;6
6601;3;3
6602;1;3
6603;3;2
6604;3;3
6605;3;4
6606;3;3
6607;3;2
6608;3;2
6609;1;3
6610;1;3
6611;1;6
6612;3;6
6613;3;3
6614;1;3
6615;3;3
6616;1;3
6617;1;3
6618;1;2
6619;1;3
6620;3;3
6621;1;3
6622;3;2
6623;1;3
6624;1;3
6625;1;3
6626;1;3
6627;3;2
6628;3;3
6629;3;3
6630;1;3
6631;1;3
6632;3;3
6633;1;3
6634;3;3
6635;1;6
6636;3;2
6637;1;2
6638;3;3
6639;3;3
6640;1;5
6641;3;2
6642;3;3
6643;1;3
6644;3;2
6645;3;6
6646;3;6
6647;1;3
6648;1;2
6649;1;3
6650;1;3
6651;1;2
6652;1;2
6653;3;2
6654;1;3
6655;1;3
6656;1;5
6657;1;4
6658;3;3
6659;3;3
6660;3;3
6661;1;3
6662;1;3
6663;3;3
6664;3;4
6665;1;3
6666;3;2
6667;3;2
6668;1;2
6669;3;3
6670;3;6
6671;1;3
6672;3;3
6673;1;6
6674;3;3
6675;1;3
6676;1;3
6677;1;4
6678;3;4
6679;3;3
6680;3;3
6681;1;3
6682;3;3
6683;1;6
6684;1;3
6685;3;2
6686;3;3
6687;3;3
6688;1;6
6689;1;3
6690;3;3
6691;1;2
6692;1;4
6693;3;3
6694;3;3
6695;1;6
6696;3;6
6697;1;3
6698;3;3
6699;3;3
6700;3;6
6701;3;3
6702;1;3
6703;1;3
6704;1;2
6705;1;2
6706;1;3
6707;3;3
6708;1;3
6709;3;2
6710;3;3
6711;1;3
6712;3;2
6713;1;2
6714;3;3
6715;1;3
6716;3;3
6717;3;3
6718;3;3
6719;1;6
6720;3;6
6721;1;3
6722;3;3
6723;1;3
6724;1;6
6725;1;3
6726;1;6
6727;3;4
6728;1;4
6729;3;3
6730;3;3
6731;3;3
6732;3;3
6733;1;3
6734;3;2
6735;1;2
6736;1;3
6737;1;4
6738;3;3
6739;1;3
6740;1;2
6741;1;3
6742;1;3
6743;3;2
6744;1;3
6745;1;2
6746;1;6
6747;3;3
6748;1;2
6749;3;3
6750;3;3
6751;3;2
6752;1;2
6753;1;2
6754;3;6
6755;1;6
6756;3;3
6757;1;3
6758;3;3
6759;3;3
6760;1;3
6761;1;5
6762;3;2
6763;1;6
6764;3;2
6765;1;3
6766;3;2
6767;1;3
6768;3;3
6769;1;4
6770;1;3
6771;1;2
6772;3;4
6773;1;3
6774;3;2
6775;1;2
6776;1;2
6777;3;3
6778;1;3
6779;1;2
6780;3;2
6781;3;3
6782;3;3
6783;3;3
6784;3;2
6785;1;3
6786;3;3
6787;1;4
6788;1;2
6789;3;3
6790;3;3
6791;1;3
6792;3;4
6793;1;3
6794;1;3
6795;3;2
6796;1;2
6797;1;6
6798;3;2
6799;3;3
6800;3;3
6801;1;4
6802;1;4
6803;3;2
6804;1;2
6805;1;3
6806;3;3
6807;1;3
6808;1;2
6809;3;3
6810;3;2
6811;1;2
6812;1;3
6813;1;3
6814;3;3
6815;1;3
6816;3;3
6817;1;2
6818;3;3
6819;3;3
6820;1;5
6821;3;3
6822;1;3
6823;1;3
6824;3;3
6825;3;4
6826;3;3
6827;3;3
6828;3;3
6829;3;2
6830;3;3
6831;3;4
6832;3;3
6833;3;3
6834;1;3
6835;3;2
6836;3;3
6837;1;3
6838;1;3
6839;1;3
6840;1;3
6841;3;3
6842;3;3
6843;1;3
6844;3;4
6845;1;3
6846;1;6
6847;1;3
6848;3;3
6849;3;3
6850;3;2
6851;1;2
6852;3;2
6853;1;3
6854;1;3
6855;1;3
6856;1;3
6857;1;4
6858;3;3
6859;1;3
6860;3;3
6861;1;3
6862;3;3
6863;1;3
6864;1;2
6865;3;2
6866;1;2
6867;3;3
6868;1;3
6869;1;3
6870;1;3
6871;1;3
6872;1;3
6873;3;3
6874;3;3
6875;3;3
6876;1;6
6877;1;3
6878;1;2
6879;1;3
6880;3;3
6881;3;2
6882;3;3
6883;3;3
6884;1;3
6885;3;3
6886;1;2
6887;1;3
6888;1;4
6889;1;3
6890;3;5
6891;1;2
6892;3;2
6893;3;3
6894;1;3
6895;1;3
6896;3;3
6897;3;2
6898;3;3
6899;1;3
6900;1;3
6901;3;2
6902;3;3
6903;3;3
6904;3;3
6905;1;3
6906;1;3
6907;1;5
6908;3;6
6909;1;2
6910;3;4
6911;1;3
6912;3;2
6913;1;2
6914;3;3
6915;3;3
6916;3;2
6917;1;3
6918;1;3
6919;1;3
6920;1;3
6921;1;3
6922;1;6
6923;3;4
6924;3;2
6925;3;2
6926;1;4
6927;3;2
6928;1;3
6929;1;3
6930;3;3
6931;3;2
6932;1;3
6933;1;2
6934;1;2
6935;1;3
6936;1;3
6937;1;6
6938;3;3
6939;1;3
6940;1;3
6941;1;3
6942;1;2
6943;1;3
6944;1;3
6945;1;3
6946;1;3
6947;1;2
6948;1;3
6949;1;2
6950;1;3
6951;2;1
6952;1;3
6953;1;3
6954;1;2
6955;1;6
6956;1;2
6957;1;2
6958;1;2
6959;1;6
6960;1;3
6961;1;1
6962;1;3
6963;1;3
6964;1;3
6965;1;3
6966;1;4
6967;1;1
6968;1;3
6969;1;3
6970;1;2
6971;2;5
6972;1;2
6973;1;4
6974;1;2
6975;1;3
6976;1;4
6977;1;6
6978;1;3
6979;1;6
6980;1;2
6981;1;3
6982;1;2
6983;2;2
6984;1;3
6985;1;3
6986;1;6
6987;1;3
6988;1;4
6989;1;2
6990;1;2
6991;2;1
6992;2;3
6993;1;2
6994;1;6
6995;1;5
6996;1;3
6997;1;1
6998;1;1
6999;1;2
7000;1;3
7001;1;2
7002;1;3
7003;1;6
7004;1;1
7005;1;5
7006;2;6
7007;1;3
7008;1;2
7009;1;3
7010;1;1
7011;1;2
7012;1;4
7013;1;3
7014;1;3
7015;1;5
7016;1;2
7017;1;3
7018;1;4
7019;1;6
7020;1;1
7021;1;4
7022;1;4
7023;1;2
7024;1;6
7025;1;3
7026;1;2
7027;1;6
7028;1;4
7029;2;3
7030;1;3
7031;1;2
7032;1;6
7033;1;1
7034;2;2
7035;1;1
7036;1;6
7037;1;3
7038;1;3
7039;2;1
7040;2;5
7041;1;6
7042;1;2
7043;1;6
7044;1;2
7045;1;2
7046;1;6
7047;1;6
7048;2;6
7049;1;4
7050;1;5
7051;1;2
7052;1;3
7053;1;6
7054;1;6
7055;1;1
7056;1;5
7057;1;6
7058;2;2
7059;1;4
7060;2;4
7061;1;3
7062;1;6
7063;1;3
7064;1;3
7065;1;4
7066;1;6
7067;1;4
7068;1;2
7069;1;1
7070;2;4
7071;1;6
7072;1;3
7073;1;3
7074;2;4
7075;2;6
7076;1;3
7077;1;3
7078;1;3
7079;1;6
7080;1;3
7081;1;2
7082;1;3
7083;1;5
7084;1;4
7085;1;2
7086;1;2
7087;1;2
7088;1;3
7089;1;6
7090;2;3
7091;1;3
7092;2;5
7093;1;2
7094;1;2
7095;1;2
7096;1;4
7097;2;3
7098;2;3
7099;1;6
7100;1;2
7101;1;2
7102;2;3
7103;1;2
7104;2;6
7105;1;2
7106;1;4
7107;1;2
7108;1;2
7109;2;3
7110;1;3
7111;1;3
7112;1;1
7113;1;3
7114;1;1
7115;1;5
7116;1;3
7117;1;6
7118;1;5
7119;1;4
7120;1;2
7121;2;3
7122;1;6
7123;1;5
7124;1;3
7125;1;3
7126;1;3
7127;1;6
7128;1;2
7129;1;6
7130;1;4
7131;1;1
7132;1;4
7133;1;3
7134;1;2
7135;2;4
7136;1;2
7137;1;3
7138;1;2
7139;2;3
7140;2;3
7141;1;2
7142;2;1
7143;1;3
7144;2;3
7145;2;6
7146;1;3
7147;1;3
7148;1;3
7149;1;6
7150;1;2
7151;1;4
7152;1;3
7153;1;2
7154;1;6
7155;1;2
7156;1;6
7157;1;4
7158;1;3
7159;2;4
7160;1;3
7161;1;3
7162;2;3
7163;1;2
7164;2;6
7165;2;6
7166;1;6
7167;1;3
7168;1;2
7169;1;5
7170;1;2
7171;2;3
7172;1;6
7173;1;6
7174;1;1
7175;1;6
7176;1;3
7177;1;3
7178;2;6
7179;1;2
7180;1;2
7181;1;3
7182;1;3
7183;1;3
7184;1;3
7185;1;5
7186;1;2
7187;1;1
7188;1;3
7189;2;3
7190;1;3
7191;1;6
7192;1;3
7193;1;2
7194;1;6
7195;1;3
7196;1;5
7197;2;1
7198;2;3
7199;1;2
7200;1;6
7201;1;1
7202;1;1
7203;1;1
7204;1;6
7205;1;2
7206;1;1
7207;1;6
7208;1;2
7209;1;3
7210;2;5
7211;1;3
7212;2;3
7213;1;2
7214;1;3
7215;2;6
7216;1;2
7217;1;5
7218;1;6
7219;1;1
7220;1;1
7221;1;1
7222;1;3
7223;1;2
7224;1;2
7225;1;2
7226;1;3
7227;2;4
7228;1;6
7229;1;6
7230;1;2
7231;1;6
7232;1;3
7233;1;5
7234;1;3
7235;1;3
7236;1;3
7237;1;6
7238;1;3
7239;2;3
7240;1;6
7241;1;5
7242;1;2
7243;1;3
7244;1;3
7245;2;3
7246;1;3
7247;1;1
7248;2;6
7249;1;3
7250;1;3
7251;1;6
7252;1;3
7253;1;3
7254;1;3
7255;1;3
7256;1;4
7257;1;6
7258;1;6
7259;2;4
7260;1;2
7261;2;6
7262;1;3
7263;1;2
7264;1;3
7265;1;4
7266;1;3
7267;2;6
7268;1;1
7269;1;3
7270;2;6
7271;1;6
7272;1;3
7273;1;6
7274;1;3
7275;1;6
7276;1;6
7277;1;3
7278;1;3
7279;1;6
7280;1;4
7281;1;3
7282;1;3
7283;1;2
7284;1;6
7285;1;4
7286;1;6
7287;2;6
7288;1;6
7289;1;3
7290;2;3
7291;1;3
7292;1;4
7293;1;3
7294;1;3
7295;1;5
7296;1;2
7297;1;2
7298;2;3
7299;1;3
7300;1;6
7301;1;3
7302;1;6
7303;1;4
7304;1;1
7305;1;6
7306;1;2
7307;1;2
7308;2;6
7309;1;1
7310;1;4
7311;1;4
7312;1;6
7313;1;5
7314;1;3
7315;1;2
7316;1;2
7317;1;6
7318;1;4
7319;1;5
7320;2;4
7321;1;4
7322;1;3
7323;1;4
7324;1;6
7325;1;2
7326;1;2
7327;1;3
7328;1;6
7329;1;6
7330;1;1
7331;1;5
7332;1;5
7333;1;6
7334;1;2
7335;1;3
7336;1;3
7337;1;5
7338;1;3
7339;2;1
7340;1;3
7341;1;6
7342;2;1
7343;1;2
7344;1;3
7345;1;6
7346;1;1
7347;2;6
7348;1;4
7349;1;4
7350;1;6
7351;1;3
7352;1;3
7353;1;2
7354;1;2
7355;1;3
7356;1;3
7357;1;4
7358;1;3
7359;2;4
7360;1;2
7361;1;3
7362;1;2
7363;1;2
7364;2;3
7365;2;1
7366;1;2
7367;1;3
7368;1;2
7369;1;6
7370;1;2
7371;1;2
7372;1;3
7373;1;6
7374;1;2
7375;1;6
7376;1;6
7377;1;3
7378;1;2
7379;1;1
7380;1;5
7381;1;5
7382;2;3
7383;1;3
7384;1;6
7385;1;3
7386;1;3
7387;1;5
7388;1;6
7389;2;3
7390;1;3
7391;1;6
7392;1;3
7393;1;6
7394;2;4
7395;1;3
7396;2;1
7397;1;3
7398;1;5
7399;1;2
7400;1;2
7401;1;3
7402;1;2
7403;1;2
7404;1;2
7405;1;4
7406;1;3
7407;1;3
7408;1;6
7409;1;3
7410;1;4
7411;1;4
7412;2;6
7413;1;6
7414;1;2
7415;1;3
7416;1;2
7417;1;3
7418;1;2
7419;1;4
7420;1;3
7421;2;1
7422;2;3
7423;1;2
7424;1;6
7425;1;2
7426;1;3
7427;1;5
7428;1;3
7429;1;3
7430;1;6
7431;1;3
7432;2;3
7433;1;3
7434;1;3
7435;1;6
7436;1;6
7437;1;3
7438;1;6
7439;1;3
7440;1;3
7441;1;3
7442;1;6
7443;1;6
7444;1;2
7445;1;2
7446;2;1
7447;2;3
7448;2;6
7449;1;2
7450;1;2
7451;1;4
7452;1;2
7453;1;2
7454;1;2
7455;2;4
7456;1;4
7457;1;4
7458;1;4
7459;1;2
7460;1;3
7461;2;1
7462;1;2
7463;1;3
7464;1;4
7465;1;1
7466;1;3
7467;1;4
7468;1;3
7469;1;1
7470;1;5
7471;1;6
7472;1;3
7473;1;6
7474;1;2
7475;1;3
7476;1;2
7477;1;3
7478;1;1
7479;1;2
7480;1;4
7481;1;5
7482;1;3
7483;1;3
7484;1;3
7485;1;5
7486;1;2
7487;1;3
7488;1;3
7489;1;2
7490;1;6
7491;1;6
7492;1;3
7493;1;2
7494;2;2
7495;1;2
7496;1;6
7497;1;4
7498;1;2
7499;1;6
7500;1;3
7501;1;2
7502;1;3
7503;1;6
7504;1;2
7505;1;3
7506;1;2
7507;1;2
7508;1;3
7509;1;3
7510;1;1
7511;1;6
7512;1;3
7513;2;1
7514;2;6
7515;1;2
7516;1;5
7517;1;2
7518;1;2
7519;1;2
7520;1;3
7521;1;5
7522;1;2
7523;1;4
7524;1;2
7525;1;3
7526;1;6
7527;1;2
7528;1;2
7529;1;3
7530;1;4
7531;1;3
7532;1;1
7533;1;1
7534;1;6
7535;1;3
7536;1;6
7537;1;3
7538;1;3
7539;1;2
7540;1;3
7541;1;3
7542;1;2
7543;1;2
7544;1;6
7545;1;6
7546;1;5
7547;1;6
7548;1;1
7549;2;6
7550;1;6
7551;1;5
7552;1;2
7553;1;3
7554;1;2
7555;1;3
7556;1;1
7557;1;6
7558;1;6
7559;1;3
7560;2;3
7561;2;5
7562;1;2
7563;2;6
7564;1;2
7565;1;3
7566;1;3
7567;1;5
7568;1;6
7569;1;6
7570;1;1
7571;1;6
7572;1;3
7573;1;6
7574;1;6
7575;1;3
7576;1;6
7577;1;2
7578;1;6
7579;1;4
7580;1;3
7581;1;2
7582;1;3
7583;1;2
7584;1;5
7585;1;3
7586;1;6
7587;1;6
7588;7;5
7589;1;6
7590;2;3
7591;2;3
7592;1;2
7593;1;1
7594;1;6
7595;1;6
7596;1;6
7597;1;3
7598;1;3
7599;1;6
7600;1;6
7601;1;6
7602;1;6
7603;1;2
7604;1;6
7605;1;6
7606;2;1
7607;1;6
7608;1;6
7609;1;6
7610;2;1
7611;1;3
7612;2;3
7613;1;4
7614;2;6
7615;1;6
7616;1;6
7617;1;2
7618;1;3
7619;1;2
7620;1;3
7621;2;1
7622;1;3
7623;1;2
7624;1;6
7625;1;5
7626;2;1
7627;2;3
7628;1;3
7629;1;6
7630;1;2
7631;1;6
7632;1;3
7633;1;2
7634;1;2
7635;1;3
7636;1;3
7637;1;5
7638;2;2
7639;1;2
7640;1;2
7641;1;4
7642;1;6
7643;1;3
7644;1;3
7645;2;3
7646;1;3
7647;1;6
7648;1;2
7649;1;2
7650;1;6
7651;1;2
7652;1;6
7653;1;2
7654;1;6
7655;1;3
7656;1;2
7657;1;2
7658;1;3
7659;2;1
7660;1;1
7661;2;3
7662;1;2
7663;1;4
7664;2;6
7665;1;6
7666;1;3
7667;1;3
7668;2;1
7669;1;2
7670;1;2
7671;1;2
7672;1;3
7673;1;2
7674;1;2
7675;1;3
7676;1;5
7677;1;6
7678;1;3
7679;1;3
7680;1;3
7681;1;3
7682;1;2
7683;1;3
7684;1;4
7685;1;3
7686;1;3
7687;1;3
7688;1;3
7689;1;3
7690;1;4
7691;1;3
7692;1;2
7693;1;5
7694;1;4
7695;1;2
7696;1;3
7697;1;6
7698;1;3
7699;1;3
7700;1;3
7701;1;3
7702;1;2
7703;1;2
7704;1;3
7705;1;6
7706;1;3
7707;1;3
7708;1;2
7709;1;3
7710;1;2
7711;1;3
7712;1;3
7713;1;3
7714;1;3
7715;1;2
7716;1;3
7717;1;3
7718;1;1
7719;1;3
7720;1;2
7721;1;6
7722;1;3
7723;1;3
7724;1;3
7725;1;3
7726;1;6
7727;1;3
7728;1;3
7729;1;2
7730;1;6
7731;1;3
7732;1;3
7733;1;2
7734;1;3
7735;1;3
7736;1;6
7737;1;3
7738;1;2
7739;1;2
7740;1;3
7741;1;3
7742;1;2
7743;1;4
7744;1;2
7745;1;3
7746;1;2
7747;1;3
7748;1;2
7749;1;2
7750;1;3
7751;1;3
7752;1;3
7753;1;3
7754;1;2
7755;1;3
7756;1;3
7757;1;3
7758;1;6
7759;1;3
7760;1;3
7761;1;3
7762;1;3
7763;1;3
7764;1;2
7765;1;3
7766;1;4
7767;1;3
7768;1;3
7769;1;3
7770;1;6
7771;1;3
7772;1;3
7773;1;3
7774;1;2
7775;1;3
7776;1;3
7777;1;3
7778;1;2
7779;1;2
7780;1;3
7781;1;2
7782;1;6
7783;1;3
7784;1;3
7785;1;3
7786;1;2
7787;1;6
7788;1;6
7789;3;5
7790;1;5
7791;1;4
7792;1;4
7793;1;5
7794;1;5
7795;1;4
7796;1;3
7797;1;5
7798;1;2
7799;1;2
7800;3;5
7801;1;4
7802;1;4
7803;3;2
7804;1;3
7805;3;2
7806;1;6
7807;1;4
7808;1;3
7809;1;2
7810;3;2
7811;3;2
7812;1;5
7813;1;3
7814;1;2
7815;1;2
7816;1;2
7817;1;2
7818;1;3
7819;1;3
7820;1;2
7821;2;3
7822;1;2
7823;1;4
7824;1;2
7825;1;5
7826;1;2
7827;1;2
7828;3;6
7829;1;2
7830;1;3
7831;1;2
7832;1;6
7833;1;2
7834;1;4
7835;1;6
7836;1;2
7837;3;2
7838;1;3
7839;3;6
7840;1;6
7841;1;2
7842;1;4
7843;1;3
7844;1;5
7845;1;4
7846;1;4
7847;2;6
7848;1;3
7849;1;6
7850;1;5
7851;1;1
7852;1;6
7853;1;3
7854;3;3
7855;1;2
7856;1;6
7857;2;3
7858;1;1
7859;1;5
7860;3;2
7861;1;6
7862;1;2
7863;3;2
7864;3;6
7865;1;3
7866;1;6
7867;3;2
7868;1;5
7869;1;3
7870;1;3
7871;1;4
7872;1;2
7873;1;2
7874;3;4
7875;1;2
7876;1;5
7877;1;6
7878;1;3
7879;2;3
7880;1;1
7881;1;1
7882;1;2
7883;3;2
7884;3;3
7885;1;3
7886;1;2
7887;2;3
7888;3;2
7889;1;1
7890;1;4
7891;1;2
7892;1;3
7893;1;1
7894;3;2
7895;1;3
7896;1;1
7897;1;3
7898;3;3
7899;1;2
7900;1;1
7901;1;5
7902;1;3
7903;1;2
7904;3;4
7905;1;6
7906;1;4
7907;1;6
7908;1;6
7909;1;3
7910;1;3
7911;2;4
7912;1;6
7913;1;4
7914;1;2
7915;1;5
7916;2;6
7917;1;1
7918;1;6
7919;1;6
7920;1;2
7921;1;2
7922;1;2
7923;1;3
7924;3;3
7925;1;3
7926;1;4
7927;3;2
7928;2;1
7929;1;2
7930;1;3
7931;1;2
7932;1;3
7933;1;1
7934;1;3
7935;1;2
7936;1;3
7937;1;3
7938;2;3
7939;1;1
7940;1;5
7941;1;6
7942;1;3
7943;1;2
7944;2;6
7945;1;4
7946;1;6
7947;1;6
7948;1;2
7949;1;2
7950;3;2
7951;1;2
7952;1;5
7953;3;3
7954;1;3
7955;2;4
7956;3;4
7957;1;5
7958;1;2
7959;1;1
7960;1;5
7961;1;6
7962;3;6
7963;3;4
7964;1;3
7965;1;2
7966;1;2
7967;1;3
7968;3;2
7969;2;4
7970;1;2
7971;3;5
7972;3;5
7973;3;3
7974;1;3
7975;3;4
7976;3;2
7977;1;2
7978;1;6
7979;1;2
7980;1;3
7981;1;2
7982;2;5
7983;1;2
7984;1;4
7985;3;5
7986;3;3
7987;1;2
7988;1;1
7989;3;2
7990;1;2
7991;1;3
7992;1;2
7993;1;2
7994;1;6
7995;1;2
7996;1;6
7997;1;2
7998;2;2
7999;1;3
8000;2;4
8001;1;4
8002;1;2
8003;3;6
8004;1;1
8005;1;3
8006;1;3
8007;1;1
8008;1;2
8009;1;3
8010;1;1
8011;1;6
8012;3;6
8013;1;6
8014;1;2
8015;2;1
8016;1;4
8017;1;1
8018;1;3
8019;1;3
8020;3;2
8021;2;6
8022;3;6
8023;2;4
8024;1;3
8025;2;3
8026;1;2
8027;3;5
8028;1;2
8029;1;5
8030;1;4
8031;1;3
8032;1;3
8033;2;4
8034;3;5
8035;1;2
8036;1;2
8037;1;2
8038;1;2
8039;3;5
8040;1;3
8041;1;3
8042;3;2
8043;1;2
8044;1;6
8045;1;5
8046;1;3
8047;1;2
8048;1;3
8049;1;3
8050;1;5
8051;1;3
8052;1;2
8053;1;2
8054;1;5
8055;1;2
8056;1;3
8057;1;3
8058;1;5
8059;1;2
8060;1;2
8061;3;3
8062;3;2
8063;1;2
8064;3;6
8065;1;4
8066;1;6
8067;2;3
8068;1;3
8069;1;3
8070;1;2
8071;1;3
8072;1;4
8073;1;4
8074;1;4
8075;1;2
8076;1;3
8077;1;3
8078;3;2
8079;1;3
8080;2;4
8081;1;2
8082;1;4
8083;1;5
8084;2;5
8085;3;3
8086;1;6
8087;1;3
8088;1;6
8089;1;3
8090;1;2
8091;3;2
8092;2;5
8093;3;2
8094;1;5
8095;1;3
8096;1;6
8097;1;6
8098;3;2
8099;1;6
8100;2;6
8101;1;6
8102;1;4
8103;1;3
8104;1;2
8105;1;5
8106;2;1
8107;2;3
8108;1;1
8109;1;3
8110;1;6
8111;2;3
8112;2;3
8113;1;4
8114;1;2
8115;1;3
8116;2;4
8117;1;3
8118;1;6
8119;1;2
8120;1;5
8121;2;1
8122;1;2
8123;1;2
8124;1;4
8125;1;2
8126;3;2
8127;1;6
8128;1;6
8129;1;2
8130;1;3
8131;1;3
8132;1;3
8133;1;6
8134;3;5
8135;1;3
8136;1;1
8137;1;2
8138;1;5
8139;1;2
8140;2;1
8141;1;6
8142;1;3
8143;1;3
8144;1;3
8145;8;5
8146;1;5
8147;2;3
8148;1;2
8149;1;2
8150;1;6
8151;1;4
8152;1;6
8153;1;2
8154;1;3
8155;1;5
8156;1;6
8157;1;3
8158;1;2
8159;1;4
8160;1;2
8161;1;3
8162;1;5
8163;1;4
8164;1;4
8165;1;1
8166;1;2
8167;1;2
8168;1;4
8169;1;3
8170;1;3
8171;1;5
8172;1;4
8173;1;2
8174;1;2
8175;2;4
8176;1;3
8177;1;1
8178;1;6
8179;1;3
8180;2;1
8181;1;2
8182;3;6
8183;1;6
8184;1;6
8185;1;2
8186;1;2
8187;1;3
8188;1;4
8189;3;2
8190;1;6
8191;3;2
8192;1;3
8193;1;4
8194;1;2
8195;1;3
8196;1;3
8197;1;5
8198;1;3
8199;1;2
8200;3;2
8201;1;1
8202;1;4
8203;1;3
8204;1;5
8205;1;6
8206;1;3
8207;1;2
8208;3;3
8209;1;3
8210;1;4
8211;1;3
8212;1;5
8213;1;2
8214;3;5
8215;1;3
8216;1;2
8217;1;3
8218;1;2
8219;1;3
8220;1;5
8221;1;3
8222;3;3
8223;1;3
8224;1;2
8225;1;3
8226;1;6
8227;1;2
8228;3;2
8229;1;2
8230;1;1
8231;3;3
8232;1;1
8233;1;3
8234;1;3
8235;1;3
8236;1;2
8237;1;3
8238;1;3
8239;1;3
8240;1;3
8241;1;5
8242;3;2
8243;3;2
8244;1;6
8245;2;3
8246;1;5
8247;1;2
8248;1;3
8249;1;3
8250;3;2
8251;1;3
8252;1;5
8253;1;3
8254;1;4
8255;3;3
8256;1;3
8257;3;2
8258;1;1
8259;1;3
8260;3;3
8261;3;3
8262;1;4
8263;1;5
8264;1;2
8265;3;2
8266;1;3
8267;1;4
8268;1;2
8269;1;3
8270;1;2
8271;1;2
8272;1;3
8273;1;4
8274;1;3
8275;1;3
8276;3;6
8277;1;3
8278;1;3
8279;1;2
8280;1;4
8281;1;6
8282;3;5
8283;1;5
8284;2;4
8285;1;5
8286;3;3
8287;1;4
8288;1;4
8289;1;4
8290;2;3
8291;2;3
8292;1;4
8293;1;2
8294;2;1
8295;3;3
8296;1;1
8297;1;3
8298;3;5
8299;1;3
8300;1;3
8301;3;6
8302;1;4
8303;1;3
8304;1;6
8305;2;4
8306;2;4
8307;1;6
8308;2;6
8309;1;6
8310;1;2
8311;3;6
8312;3;6
8313;3;2
8314;1;3
8315;3;3
8316;2;4
8317;1;2
8318;3;5
8319;1;2
8320;1;2
8321;1;3
8322;1;3
8323;1;5
8324;2;3
8325;3;3
8326;1;6
8327;3;5
8328;1;6
8329;1;2
8330;1;4
8331;1;2
8332;1;3
8333;1;6
8334;1;3
8335;3;4
8336;1;2
8337;1;4
8338;1;6
8339;1;1
8340;1;4
8341;3;2
8342;3;2
8343;3;6
8344;1;5
8345;1;5
8346;1;4
8347;1;2
8348;1;6
8349;1;6
8350;1;6
8351;1;1
8352;1;3
8353;3;2
8354;1;6
8355;2;1
8356;1;3
8357;3;2
8358;2;1
8359;1;2
8360;3;2
8361;1;3
8362;3;2
8363;1;2
8364;1;3
8365;1;3
8366;1;6
8367;2;4
8368;1;4
8369;1;6
8370;3;3
8371;1;1
8372;1;3
8373;1;3
8374;2;5
8375;1;4
8376;2;4
8377;1;5
8378;3;6
8379;3;6
8380;1;4
8381;3;3
8382;2;3
8383;1;6
8384;1;6
8385;3;3
8386;1;2
8387;1;3
8388;1;2
8389;1;3
8390;1;3
8391;1;5
8392;1;4
8393;1;4
8394;3;4
8395;1;4
8396;1;2
8397;1;3
8398;1;6
8399;1;2
8400;2;5
8401;1;2
8402;3;6
8403;1;3
8404;1;6
8405;1;3
8406;2;1
8407;1;3
8408;1;3
8409;3;3
8410;1;3
8411;1;4
8412;1;6
8413;1;4
8414;1;2
8415;1;2
8416;1;1
8417;1;1
8418;1;4
8419;1;6
8420;1;2
8421;1;1
8422;3;4
8423;1;3
8424;1;2
8425;1;5
8426;1;3
8427;1;5
8428;1;4
8429;1;2
8430;1;4
8431;1;1
8432;1;4
8433;1;4
8434;1;4
8435;1;4
8436;1;5
8437;1;4
8438;1;2
8439;3;5
8440;1;4
8441;1;2
8442;1;2
8443;1;5
8444;1;4
8445;1;4
8446;1;4
8447;1;4
8448;1;4
8449;1;4
8450;1;4
8451;1;4
8452;1;2
8453;1;4
8454;1;4
8455;1;4
8456;1;5
8457;1;4
8458;1;2
8459;1;2
8460;1;4
8461;1;4
8462;1;4
8463;1;4
8464;1;5
8465;1;2
8466;1;5
8467;1;2
8468;1;2
8469;1;5
8470;1;4
8471;1;4
8472;1;4
8473;1;2
8474;1;2
8475;1;1
8476;1;4
8477;1;5
8478;1;5
8479;1;4
8480;3;2
8481;1;4
8482;1;5
8483;1;2
8484;1;1
8485;1;5
8486;1;4
8487;1;4
8488;4;5
8489;1;5
8490;1;5
8491;1;5
8492;1;2
8493;1;5
8494;1;5
8495;1;2
8496;1;5
8497;1;5
8498;1;5
8499;1;2
8500;1;5
8501;1;4
8502;1;5
8503;1;5
8504;1;2
8505;1;2
8506;1;2
8507;2;3
8508;4;5
8509;1;5
8510;1;3
8511;1;3
8512;1;5
8513;1;2
8514;3;5
8515;1;2
8516;1;2
8517;1;2
8518;1;2
8519;1;2
8520;1;5
8521;1;2
8522;1;5
8523;1;5
8524;3;2
8525;1;4
8526;3;5
8527;1;5
8528;3;5
8529;5;5
8530;1;4
8531;1;5
8532;1;3
8533;1;3
8534;1;2
8535;1;5
8536;1;5
8537;1;5
8538;1;4
8539;1;5
8540;1;5
8541;1;5
8542;1;5
8543;1;4
8544;1;5
8545;1;2
8546;1;3
8547;1;5
8548;1;2
8549;1;5
8550;1;5
8551;1;4
8552;1;5
8553;1;5
8554;1;5
8555;1;5
8556;1;5
8557;1;2
8558;1;4
8559;1;2
8560;1;4
8561;1;1
8562;1;5
8563;1;4
8564;4;5
8565;1;1
8566;1;5
8567;1;2
8568;1;5
8569;1;5
8570;1;2
8571;4;5
8572;1;5
8573;1;5
8574;1;5
8575;1;5
8576;1;2
8577;1;5
8578;1;4
8579;1;5
8580;1;5
8581;1;2
8582;1;2
8583;1;5
8584;1;1
8585;1;4
8586;1;4
8587;1;4
8588;1;1
8589;1;5
8590;1;5
8591;1;5
8592;1;2
8593;1;5
8594;1;3
8595;1;5
8596;1;5
8597;1;2
8598;1;2
8599;1;2
8600;1;2
8601;1;2
8602;1;5
8603;1;2
8604;1;5
8605;1;2
8606;1;5
8607;1;5
8608;1;5
8609;1;5
8610;1;5
8611;1;2
8612;1;3
8613;1;6
8614;1;3
8615;1;3
8616;2;4
8617;1;3
8618;1;5
8619;1;4
8620;1;3
8621;1;6
8622;1;1
8623;1;2
8624;1;3
8625;2;3
8626;3;2
8627;1;4
8628;1;6
8629;1;3
8630;1;3
8631;1;2
8632;1;3
8633;1;2
8634;1;3
8635;1;5
8636;1;4
8637;1;6
8638;1;6
8639;3;2
8640;1;5
8641;1;2
8642;3;2
8643;1;1
8644;1;4
8645;1;2
8646;1;3
8647;1;6
8648;1;3
8649;1;5
8650;1;2
8651;1;3
8652;1;6
8653;1;2
8654;1;2
8655;3;3
8656;1;3
8657;3;3
8658;1;3
8659;1;6
8660;1;2
8661;1;5
8662;1;6
8663;2;1
8664;1;6
8665;1;6
8666;3;6
8667;1;2
8668;3;4
8669;1;6
8670;1;6
8671;1;5
8672;1;3
8673;1;3
8674;1;3
8675;2;1
8676;1;1
8677;1;5
8678;1;6
8679;1;2
8680;1;6
8681;1;5
8682;1;3
8683;1;6
8684;1;6
8685;1;6
8686;1;6
8687;1;2
8688;1;6
8689;3;3
8690;1;1
8691;1;6
8692;1;5
8693;1;2
8694;3;2
8695;1;1
8696;1;6
8697;1;3
8698;3;2
8699;1;6
8700;1;2
8701;1;3
8702;1;3
8703;1;2
8704;1;5
8705;3;6
8706;1;6
8707;3;6
8708;1;6
8709;1;2
8710;2;1
8711;1;6
8712;1;4
8713;3;3
8714;1;1
8715;1;2
8716;1;6
8717;1;3
8718;1;4
8719;1;1
8720;1;3
8721;1;6
8722;1;6
8723;1;2
8724;1;6
8725;1;3
8726;1;6
8727;1;1
8728;1;6
8729;1;5
8730;1;3
8731;1;3
8732;1;3
8733;1;2
8734;1;4
8735;1;2
8736;3;3
8737;1;6
8738;3;4
8739;1;5
8740;1;2
8741;1;2
8742;1;5
8743;1;2
8744;1;3
8745;1;6
8746;1;3
8747;3;3
8748;3;4
8749;3;3
8750;1;2
8751;1;1
8752;1;6
8753;1;6
8754;1;1
8755;1;5
8756;1;5
8757;3;2
8758;1;3
8759;1;6
8760;1;2
8761;3;3
8762;1;1
8763;1;2
8764;1;5
8765;1;2
8766;1;4
8767;1;1
8768;1;2
8769;3;6
8770;1;5
8771;3;6
8772;1;5
8773;3;3
8774;1;2
8775;1;6
8776;1;4
8777;1;3
8778;1;6
8779;1;4
8780;3;4
8781;1;3
8782;1;6
8783;1;6
8784;1;3
8785;1;3
8786;1;2
8787;3;6
8788;1;3
8789;1;3
8790;1;6
8791;1;3
8792;1;6
8793;1;6
8794;1;6
8795;1;6
8796;3;2
8797;1;2
8798;1;2
8799;1;6
8800;1;6
8801;1;6
8802;1;1
8803;1;2
8804;1;3
8805;1;4
8806;1;3
8807;1;3
8808;3;6
8809;1;3
8810;1;5
8811;3;6
8812;1;6
8813;1;6
8814;1;6
8815;1;2
8816;1;2
8817;1;3
8818;3;3
8819;1;6
8820;1;6
8821;3;3
8822;1;3
8823;1;2
8824;3;6
8825;1;6
8826;3;2
8827;1;1
8828;1;2
8829;1;2
8830;1;2
8831;1;2
8832;1;2
8833;1;3
8834;1;6
8835;3;6
8836;1;5
8837;1;3
8838;1;3
8839;1;3
8840;1;2
8841;1;2
8842;1;5
8843;1;2
8844;1;3
8845;1;4
8846;1;4
8847;1;6
8848;1;2
8849;1;4
8850;1;3
8851;1;2
8852;1;2
8853;1;6
8854;2;6
8855;1;2
8856;3;6
8857;3;2
8858;1;1
8859;1;3
8860;1;2
8861;1;6
8862;1;3
8863;1;4
8864;2;6
8865;3;6
8866;1;5
8867;1;2
8868;1;1
8869;1;4
8870;1;2
8871;2;3
8872;3;2
8873;1;5
8874;1;2
8875;1;4
8876;1;3
8877;1;6
8878;1;6
8879;1;3
8880;1;2
8881;3;2
8882;1;6
8883;1;2
8884;1;5
8885;1;2
8886;3;2
8887;1;3
8888;1;3
8889;1;3
8890;1;6
8891;1;6
8892;1;5
8893;1;2
8894;3;2
8895;3;6
8896;1;2
8897;1;6
8898;1;6
8899;2;4
8900;1;4
8901;1;3
8902;1;6
8903;1;5
8904;1;3
8905;1;6
8906;1;2
8907;1;3
8908;3;2
8909;1;2
8910;1;2
8911;1;3
8912;1;3
8913;1;5
8914;1;1
8915;1;2
8916;1;6
8917;1;2
8918;1;3
8919;1;5
8920;1;5
8921;2;3
8922;3;2
8923;1;5
8924;1;2
8925;3;3
8926;1;3
8927;1;2
8928;1;1
8929;1;3
8930;1;4
8931;2;4
8932;1;6
8933;1;2
8934;3;2
8935;1;3
8936;1;6
8937;1;6
8938;1;2
8939;1;2
8940;3;6
8941;3;3
8942;1;4
8943;2;3
8944;1;6
8945;1;5
8946;1;3
8947;1;6
8948;1;3
8949;1;2
8950;3;3
8951;1;3
8952;1;2
8953;1;6
8954;3;3
8955;3;4
8956;1;2
8957;1;6
8958;2;3
8959;1;4
8960;1;6
8961;1;3
8962;1;3
8963;1;4
8964;1;3
8965;1;3
8966;1;6
8967;1;2
8968;1;2
8969;3;3
8970;1;2
8971;1;5
8972;1;2
8973;1;2
8974;1;6
8975;1;1
8976;1;2
8977;1;6
8978;1;5
8979;1;1
8980;1;3
8981;1;6
8982;2;6
8983;1;3
8984;3;2
8985;1;2
8986;3;3
8987;1;5
8988;1;2
8989;1;3
8990;1;2
8991;1;3
8992;1;6
8993;1;2
8994;1;3
8995;1;3
8996;1;3
8997;1;6
8998;1;2
8999;1;5
9000;1;2
9001;1;6
9002;1;1
9003;1;1
9004;1;6
9005;3;6
9006;1;1
9007;2;5
9008;1;2
9009;2;3
9010;3;6
9011;1;3
9012;1;5
9013;1;2
9014;1;3
9015;1;3
9016;1;6
9017;1;6
9018;1;1
9019;1;2
9020;1;2
9021;1;3
9022;1;6
9023;1;6
9024;3;3
9025;1;1
9026;1;3
9027;1;6
9028;1;6
9029;1;2
9030;1;2
9031;1;6
9032;1;3
9033;1;6
9034;1;5
9035;1;3
9036;3;6
9037;3;3
9038;1;2
9039;1;2
9040;1;2
9041;1;2
9042;1;6
9043;1;3
9044;1;3
9045;1;5
9046;1;5
9047;1;3
9048;1;3
9049;1;3
9050;1;4
9051;1;2
9052;1;5
9053;2;3
9054;1;2
9055;1;2
9056;1;4
9057;1;3
9058;3;3
9059;1;6
9060;3;6
9061;1;2
9062;1;3
9063;3;2
9064;1;6
9065;1;1
9066;1;2
9067;3;3
9068;1;2
9069;1;2
9070;1;1
9071;1;3
9072;1;3
9073;1;6
9074;1;6
9075;1;1
9076;1;2
9077;1;2
9078;1;1
9079;3;2
9080;1;2
9081;1;6
9082;1;4
9083;1;5
9084;1;2
9085;1;2
9086;1;3
9087;1;3
9088;1;1
9089;1;6
9090;3;4
9091;1;5
9092;1;6
9093;1;6
9094;1;6
9095;1;2
9096;1;2
9097;1;2
9098;1;6
9099;1;1
9100;1;6
9101;1;2
9102;1;5
9103;2;1
9104;1;2
9105;1;2
9106;1;6
9107;1;6
9108;1;3
9109;1;2
9110;1;6
9111;1;5
9112;2;3
9113;1;3
9114;1;3
9115;1;1
9116;1;2
9117;1;4
9118;1;2
9119;1;3
9120;3;3
9121;3;3
9122;1;3
9123;1;3
9124;1;2
9125;1;2
9126;1;3
9127;3;2
9128;1;4
9129;2;3
9130;1;3
9131;1;3
9132;2;3
9133;1;3
9134;1;1
9135;1;4
9136;1;4
9137;1;2
9138;1;6
9139;3;2
9140;1;3
9141;1;6
9142;1;3
9143;1;4
9144;1;2
9145;2;6
9146;1;2
9147;1;6
9148;1;3
9149;1;6
9150;1;3
9151;2;1
9152;3;3
9153;1;3
9154;1;2
9155;1;6
9156;1;2
9157;1;6
9158;1;3
9159;1;3
9160;1;1
9161;1;2
9162;1;2
9163;3;3
9164;1;4
9165;3;3
9166;1;6
9167;1;3
9168;1;6
9169;3;6
9170;1;6
9171;1;4
9172;1;3
9173;1;3
9174;1;3
9175;1;2
9176;3;3
9177;2;4
9178;3;2
9179;1;6
9180;1;2
9181;1;5
9182;1;6
9183;1;5
9184;1;2
9185;1;3
9186;2;6
9187;1;1
9188;1;3
9189;1;2
9190;1;6
9191;1;6
9192;1;5
9193;1;6
9194;1;4
9195;1;2
9196;1;3
9197;1;2
9198;1;4
9199;1;1
9200;1;3
9201;1;4
9202;3;2
9203;1;6
9204;1;2
9205;1;2
9206;3;2
9207;1;4
9208;1;3
9209;1;6
9210;1;2
9211;1;6
9212;1;6
9213;1;5
9214;3;6
9215;1;3
9216;1;6
9217;1;1
9218;3;6
9219;3;2
9220;1;2
9221;1;2
9222;1;4
9223;3;6
9224;1;3
9225;1;6
9226;1;4
9227;1;4
9228;3;2
9229;1;3
9230;1;3
9231;1;1
9232;1;4
9233;1;3
9234;1;2
9235;1;3
9236;1;2
9237;1;6
9238;2;6
9239;3;2
9240;1;3
9241;1;6
9242;1;6
9243;3;2
9244;1;6
9245;1;6
9246;1;2
9247;1;6
9248;1;4
9249;1;1
9250;1;6
9251;1;2
9252;1;5
9253;1;2
9254;1;5
9255;1;3
9256;2;3
9257;1;4
9258;1;2
9259;1;6
9260;3;4
9261;1;3
9262;1;3
9263;1;6
9264;1;3
9265;1;2
9266;1;2
9267;1;4
9268;3;6
9269;1;3
9270;1;2
9271;1;2
9272;3;2
9273;1;6
9274;1;2
9275;1;3
9276;1;5
9277;1;6
9278;1;2
9279;1;6
9280;1;6
9281;3;6
9282;1;2
9283;1;2
9284;1;1
9285;2;6
9286;1;6
9287;1;3
9288;1;1
9289;1;3
9290;1;2
9291;1;4
9292;1;6
9293;1;4
9294;2;1
9295;1;5
9296;1;6
9297;1;2
9298;1;6
9299;2;3
9300;1;3
9301;1;6
9302;1;2
9303;1;2
9304;1;5
9305;1;2
9306;1;5
9307;1;5
9308;1;6
9309;1;6
9310;3;2
9311;1;5
9312;1;6
9313;1;3
9314;1;5
9315;1;1
9316;1;3
9317;1;2
9318;1;6
9319;2;3
9320;1;4
9321;1;6
9322;1;6
9323;1;3
9324;1;6
9325;1;2
9326;1;6
9327;1;4
9328;1;3
9329;1;2
9330;3;2
9331;1;3
9332;1;4
9333;1;2
9334;3;3
9335;1;3
9336;1;3
9337;1;3
9338;2;3
9339;1;3
9340;1;2
9341;1;6
9342;1;5
9343;1;2
9344;1;4
9345;1;6
9346;3;2
9347;1;6
9348;1;1
9349;1;3
9350;1;2
9351;1;2
9352;1;4
9353;1;3
9354;1;3
9355;1;6
9356;3;6
9357;1;5
9358;3;4
9359;1;5
9360;3;2
9361;1;3
9362;1;1
9363;2;1
9364;1;6
9365;1;3
9366;1;6
9367;1;3
9368;3;3
9369;1;3
9370;1;6
9371;1;4
9372;1;3
9373;1;2
9374;1;5
9375;3;2
9376;1;3
9377;1;3
9378;1;6
9379;1;3
9380;1;6
9381;1;6
9382;1;6
9383;3;2
9384;1;3
9385;1;6
9386;1;2
9387;1;2
9388;1;3
9389;1;3
9390;1;3
9391;1;5
9392;1;3
9393;1;5
9394;1;3
9395;1;3
9396;1;2
9397;1;1
9398;1;6
9399;1;1
9400;1;2
9401;1;6
9402;1;3
9403;1;6
9404;3;4
9405;1;2
9406;3;3
9407;3;2
9408;1;2
9409;1;6
9410;1;4
9411;1;1
9412;1;3
9413;3;6
9414;1;3
9415;3;6
9416;1;6
9417;1;1
9418;3;3
9419;1;3
9420;1;2
9421;1;2
9422;3;6
9423;3;3
9424;1;3
9425;1;6
9426;1;2
9427;1;2
9428;1;3
9429;1;1
9430;1;3
9431;1;3
9432;1;2
9433;1;3
9434;1;3
9435;1;2
9436;1;5
9437;3;3
9438;1;3
9439;1;3
9440;3;3
9441;1;4
9442;1;6
9443;3;2
9444;1;1
9445;2;3
9446;1;6
9447;1;2
9448;3;2
9449;1;1
9450;1;2
9451;2;3
9452;3;2
9453;3;3
9454;1;2
9455;1;5
9456;1;3
9457;1;2
9458;1;6
9459;1;5
9460;3;3
9461;1;1
9462;1;5
9463;3;2
9464;1;2
9465;1;3
9466;1;6
9467;1;6
9468;3;2
9469;3;3
9470;1;2
9471;2;2
9472;2;3
9473;1;3
9474;1;2
9475;3;3
9476;3;3
9477;1;2
9478;1;1
9479;1;3
9480;1;3
9481;1;2
9482;1;5
9483;1;6
9484;1;3
9485;1;6
9486;1;3
9487;1;3
9488;1;5
9489;1;6
9490;1;2
9491;1;3
9492;1;2
9493;1;2
9494;1;6
9495;1;2
9496;1;4
9497;1;3
9498;3;3
9499;3;6
9500;1;5
9501;3;6
9502;1;1
9503;1;2
9504;2;3
9505;1;1
9506;1;4
9507;1;2
9508;1;6
9509;1;6
9510;1;2
9511;1;3
9512;1;6
9513;1;3
9514;1;5
9515;1;6
9516;1;3
9517;1;5
9518;1;2
9519;1;1
9520;3;4
9521;1;1
9522;1;6
9523;1;6
9524;1;6
9525;1;3
9526;1;6
9527;1;1
9528;1;4
9529;1;6
9530;1;6
9531;1;6
9532;3;4
9533;2;1
9534;1;2
9535;3;6
9536;1;6
9537;1;6
9538;1;4
9539;1;3
9540;1;6
9541;1;3
9542;1;1
9543;1;3
9544;1;6
9545;1;2
9546;1;2
9547;1;6
9548;1;3
9549;1;6
9550;1;5
9551;1;6
9552;1;6
9553;1;5
9554;1;6
9555;2;6
9556;1;1
9557;1;6
9558;1;2
9559;3;2
9560;2;6
9561;3;6
9562;1;2
9563;1;6
9564;1;5
9565;1;1
9566;1;2
9567;1;3
9568;1;1
9569;1;5
9570;1;3
9571;1;6
9572;2;4
9573;1;3
9574;1;5
9575;1;3
9576;1;6
9577;1;6
9578;3;6
9579;1;3
9580;3;6
9581;1;6
9582;1;5
9583;1;6
9584;1;6
9585;1;1
9586;1;3
9587;1;2
9588;3;3
9589;1;2
9590;1;3
9591;1;6
9592;1;2
9593;3;2
9594;1;2
9595;1;3
9596;3;6
9597;3;2
9598;1;3
9599;1;4
9600;1;6
9601;1;3
9602;3;4
9603;1;2
9604;1;4
9605;1;1
9606;1;6
9607;1;3
9608;1;2
9609;1;2
9610;3;3
9611;1;6
9612;1;5
9613;1;1
9614;1;1
9615;1;6
9616;3;2
9617;1;1
9618;1;3
9619;1;2
9620;1;2
9621;3;6
9622;3;2
9623;1;5
9624;1;3
9625;1;3
9626;1;2
9627;1;3
9628;1;3
9629;1;3
9630;1;2
9631;1;5
9632;1;4
9633;1;3
9634;1;6
9635;1;4
9636;1;2
9637;1;2
9638;1;6
9639;1;6
9640;1;4
9641;3;3
9642;3;6
9643;1;3
9644;1;2
9645;1;2
9646;1;6
9647;1;2
9648;1;4
9649;1;3
9650;1;3
9651;1;3
9652;1;3
9653;1;3
9654;1;6
9655;1;3
9656;1;5
9657;1;2
9658;2;3
9659;1;4
9660;1;5
9661;1;4
9662;1;6
9663;1;3
9664;1;4
9665;1;2
9666;1;5
9667;1;4
9668;2;3
9669;1;5
9670;1;3
9671;1;6
9672;3;3
9673;1;3
9674;1;4
9675;1;2
9676;1;3
9677;2;6
9678;1;6
9679;3;6
9680;1;6
9681;1;6
9682;1;4
9683;1;2
9684;1;3
9685;1;2
9686;1;2
9687;1;2
9688;1;2
9689;1;3
9690;2;4
9691;1;3
9692;1;3
9693;1;6
9694;1;3
9695;1;5
9696;1;2
9697;1;4
9698;1;6
9699;1;2
9700;1;3
9701;1;3
9702;1;2
9703;1;3
9704;1;3
9705;1;1
9706;1;2
9707;1;6
9708;1;1
9709;1;3
9710;2;3
9711;1;2
9712;1;6
9713;1;6
9714;2;2
9715;1;1
9716;1;3
9717;1;2
9718;1;2
9719;1;4
9720;1;2
9721;1;3
9722;1;5
9723;1;5
9724;1;2
9725;1;2
9726;3;6
9727;3;2
9728;1;2
9729;1;2
9730;1;3
9731;1;2
9732;1;6
9733;3;3
9734;3;3
9735;1;5
9736;1;6
9737;1;6
9738;1;5
9739;1;3
9740;1;3
9741;1;5
9742;1;4
9743;3;2
9744;1;6
9745;1;5
9746;2;3
9747;1;5
9748;1;3
9749;1;5
9750;1;2
9751;1;3
9752;1;2
9753;1;3
9754;1;2
9755;3;6
9756;1;4
9757;3;3
9758;1;1
9759;1;6
9760;1;2
9761;2;4
9762;1;1
9763;1;6
9764;1;3
9765;1;2
9766;1;4
9767;1;2
9768;1;3
9769;1;2
9770;1;6
9771;3;6
9772;1;2
9773;1;3
9774;1;3
9775;1;5
9776;1;2
9777;1;2
9778;1;3
9779;1;5
9780;3;2
9781;1;6
9782;3;2
9783;3;6
9784;1;3
9785;1;1
9786;1;2
9787;1;6
9788;1;5
9789;1;6
9790;1;3
9791;1;2
9792;1;2
9793;1;3
9794;1;3
9795;3;2
9796;1;3
9797;1;6
9798;1;6
9799;1;3
9800;1;5
9801;3;3
9802;1;6
9803;1;6
9804;1;4
9805;1;3
9806;1;2
9807;3;2
9808;1;6
9809;1;2
9810;1;6
9811;1;3
9812;1;3
9813;1;5
9814;1;3
9815;1;4
9816;3;6
9817;3;6
9818;1;5
9819;1;6
9820;1;2
9821;3;3
9822;1;5
9823;1;3
9824;1;5
9825;1;4
9826;1;2
9827;1;4
9828;3;3
9829;1;3
9830;3;2
9831;2;6
9832;1;6
9833;3;2
9834;1;6
9835;1;2
9836;1;6
9837;1;3
9838;1;1
9839;3;6
9840;1;6
9841;2;2
9842;1;2
9843;1;3
9844;1;3
9845;1;1
9846;1;3
9847;1;1
9848;1;5
9849;1;2
9850;1;3
9851;1;2
9852;1;3
9853;3;3
9854;1;6
9855;2;3
9856;2;3
9857;1;4
9858;1;3
9859;1;3
9860;3;3
9861;1;3
9862;1;2
9863;1;6
9864;1;2
9865;1;3
9866;1;2
9867;1;6
9868;1;2
9869;1;3
9870;1;3
9871;1;2
9872;1;2
9873;1;6
9874;3;2
9875;1;6
9876;1;2
9877;1;2
9878;1;3
9879;1;6
9880;1;6
9881;1;3
9882;1;2
9883;1;3
9884;1;4
9885;1;5
9886;1;6
9887;1;1
9888;1;3
9889;1;6
9890;1;3
9891;2;6
9892;1;2
9893;1;3
9894;2;3
9895;1;6
9896;1;3
9897;1;2
9898;3;2
9899;3;3
9900;1;5
9901;3;2
9902;3;6
9903;1;2
9904;3;2
9905;3;3
9906;1;1
9907;1;6
9908;1;4
9909;1;6
9910;3;2
9911;1;5
9912;1;3
9913;1;1
9914;3;2
9915;1;6
9916;1;2
9917;1;4
9918;5;5
9919;1;2
9920;1;3
9921;2;3
9922;3;2
9923;1;2
9924;1;4
9925;1;3
9926;1;3
9927;1;1
9928;1;6
9929;1;3
9930;1;6
9931;3;2
9932;3;6
9933;1;3
9934;3;2
9935;1;3
9936;1;2
9937;1;3
9938;1;4
9939;1;5
9940;1;5
9941;1;3
9942;3;4
9943;1;6
9944;1;2
9945;1;6
9946;1;6
9947;1;5
9948;1;3
9949;1;6
9950;1;6
9951;1;2
9952;1;2
9953;1;1
9954;1;3
9955;1;5
9956;1;3
9957;1;2
9958;1;2
9959;3;2
9960;1;6
9961;3;2
9962;3;2
9963;1;3
9964;1;2
9965;1;2
9966;3;6
9967;3;6
9968;1;5
9969;1;3
9970;2;1
9971;1;4
9972;1;6
9973;1;3
9974;1;2
9975;1;4
9976;3;4
9977;1;2
9978;1;4
9979;1;6
9980;1;6
9981;2;3
9982;1;2
9983;1;3
9984;3;3
9985;1;2
9986;1;2
9987;1;2
9988;3;3
9989;1;6
9990;1;3
9991;1;3
9992;1;4
9993;1;6
9994;1;2
9995;1;6
9996;1;2
9997;1;2
9998;1;3
9999;1;6
10000;3;6
10001;1;2
10002;5;5
10003;1;5
10004;1;4
10005;1;1
10006;1;4
10007;1;2
10008;1;6
10009;1;2
10010;3;6
10011;1;6
10012;1;3
10013;1;6
10014;1;2
10015;1;5
10016;1;3
10017;2;6
10018;3;3
10019;1;4
10020;1;2
10021;3;4
10022;1;4
10023;1;1
10024;1;2
10025;1;2
10026;1;3
10027;3;2
10028;1;2
10029;1;6
10030;1;6
10031;1;5
10032;1;2
10033;1;3
10034;1;6
10035;3;2
10036;1;2
10037;1;3
10038;1;2
10039;1;2
10040;2;2
10041;3;3
10042;1;5
10043;1;3
10044;1;3
10045;1;2
10046;1;6
10047;1;6
10048;1;2
10049;1;2
10050;1;6
10051;1;6
10052;1;6
10053;3;3
10054;1;6
10055;1;6
10056;1;6
10057;1;2
10058;1;6
10059;3;2
10060;1;3
10061;1;3
10062;1;5
10063;1;4
10064;1;2
10065;1;3
10066;1;6
10067;3;2
10068;1;3
10069;1;6
10070;2;6
10071;1;3
10072;1;6
10073;1;6
10074;1;6
10075;1;5
10076;1;5
10077;1;3
10078;2;3
10079;1;5
10080;1;5
10081;1;2
10082;1;6
10083;1;3
10084;3;2
10085;3;3
10086;1;2
10087;1;5
10088;3;3
10089;1;1
10090;1;5
10091;1;6
10092;1;3
10093;3;3
10094;1;3
10095;3;6
10096;1;5
10097;1;6
10098;1;6
10099;1;3
10100;1;6
10101;1;5
10102;1;6
10103;1;3
10104;1;6
10105;1;6
10106;1;5
10107;1;6
10108;1;2
10109;1;2
10110;1;5
10111;1;2
10112;1;2
10113;1;3
10114;2;4
10115;1;6
10116;1;2
10117;3;2
10118;2;6
10119;1;6
10120;1;2
10121;1;5
10122;1;5
10123;3;6
10124;1;3
10125;1;6
10126;1;3
10127;3;2
10128;1;2
10129;1;3
10130;1;6
10131;1;3
10132;1;6
10133;1;5
10134;1;5
10135;1;2
10136;1;6
10137;1;6
10138;1;6
10139;3;3
10140;1;6
10141;3;2
10142;1;6
10143;3;3
10144;1;5
10145;3;6
10146;2;6
10147;1;2
10148;1;6
10149;1;6
10150;1;6
10151;1;5
10152;1;6
10153;2;6
10154;1;6
10155;3;6
10156;1;6
10157;1;5
10158;1;6
10159;2;6
10160;1;6
10161;1;5
10162;1;5
10163;1;2
10164;1;3
10165;1;5
10166;1;5
10167;1;5
10168;1;5
10169;1;5
10170;1;2
10171;1;2
10172;1;3
10173;1;2
10174;1;2
10175;1;1
10176;1;4
10177;1;4
10178;1;5
10179;1;2
10180;1;5
10181;1;5
10182;1;5
10183;4;5
10184;1;1
10185;1;5
10186;1;5
10187;1;2
10188;1;5
10189;1;5
10190;1;5
10191;1;5
10192;1;5
10193;1;2
10194;1;5
10195;1;2
10196;1;4
10197;1;5
10198;1;2
10199;1;2
10200;4;5
10201;1;5
10202;1;5
10203;1;5
10204;1;5
10205;1;5
10206;1;4
10207;1;2
10208;1;5
10209;1;5
10210;1;5
10211;1;2
10212;1;5
10213;1;3
10214;1;5
10215;1;2
10216;1;2
10217;1;3
10218;1;4
10219;1;4
10220;1;4
10221;1;5
10222;1;3
10223;1;5
10224;1;5
10225;1;5
10226;1;4
10227;1;5
10228;1;5
10229;1;5
10230;1;5
10231;1;5
10232;5;5
10233;1;2
10234;1;4
10235;1;5
10236;1;5
10237;1;5
10238;1;5
10239;3;5
10240;1;2
10241;1;5
10242;1;5
10243;1;5
10244;1;5
10245;1;2
10246;1;2
10247;3;5
10248;1;5
10249;3;5
10250;1;5
10251;1;5
10252;1;2
10253;1;2
10254;3;2
10255;1;5
10256;3;5
10257;3;5
10258;3;5
10259;1;4
10260;1;4
10261;6;5
10262;1;5
10263;1;5
10264;1;2
10265;1;5
10266;1;5
10267;1;5
10268;1;5
10269;1;5
10270;1;2
10271;1;5
10272;1;5
10273;3;3
10274;1;5
10275;1;5
10276;3;2
10277;1;5
10278;3;5
10279;1;5
10280;3;4
10281;1;2
10282;3;5
10283;1;4
10284;1;5
10285;1;2
10286;1;5
10287;1;5
10288;1;5
10289;1;5
10290;1;2
10291;3;5
10292;1;5
10293;3;5
10294;1;2
10295;1;4
10296;1;2
10297;1;5
10298;1;5
10299;1;4
10300;3;5
10301;1;4
10302;1;5
10303;3;5
10304;1;2
10305;1;2
10306;3;5
10307;1;5
10308;1;4
10309;1;5
10310;1;5
10311;1;4
10312;1;2
10313;1;2
10314;3;5
10315;3;5
10316;4;5
10317;3;5
10318;4;5
10319;3;4
10320;1;5
10321;1;5
10322;3;2
10323;1;5
10324;1;5
10325;1;2
10326;1;5
10327;4;5
10328;1;2
10329;1;5
10330;1;5
10331;3;2
10332;1;5
10333;1;5
10334;1;5
10335;1;5
10336;3;5
10337;1;5
10338;1;5
10339;1;5
10340;1;5
10341;1;5
10342;6;5
10343;1;5
10344;4;5
10345;1;4
10346;1;2
10347;1;5
10348;1;5
10349;6;5
10350;1;5
10351;1;5
10352;1;2
10353;3;2
10354;3;2
10355;1;5
10356;1;5
10357;1;5
10358;3;5
10359;1;4
10360;3;2
10361;1;5
10362;1;5
10363;1;5
10364;3;5
10365;1;2
10366;3;5
10367;3;5
10368;1;5
10369;1;5
10370;3;5
10371;3;4
10372;1;5
10373;4;5
10374;1;5
10375;1;5
10376;1;5
10377;1;2
10378;1;2
10379;3;2
10380;3;2
10381;3;4
10382;3;5
10383;4;5
10384;1;5
10385;1;5
10386;3;5
10387;3;5
10388;3;4
10389;3;4
10390;1;5
10391;1;5
10392;1;5
10393;3;2
10394;1;5
10395;1;5
10396;1;5
10397;1;5
10398;1;5
10399;1;5
10400;1;5
10401;1;2
10402;3;5
10403;1;5
10404;1;5
10405;3;5
10406;1;2
10407;1;5
10408;3;5
10409;1;2
10410;1;5
10411;3;5
10412;1;5
10413;1;2
10414;1;5
10415;1;4
10416;4;5
10417;1;5
10418;3;5
10419;1;5
10420;3;3
10421;3;5
10422;1;5
10423;1;4
10424;1;5
10425;3;5
10426;3;4
10427;1;5
10428;1;2
10429;3;5
10430;3;2
10431;1;5
10432;6;5
10433;1;5
10434;3;5
10435;1;5
10436;1;5
10437;1;5
10438;1;5
10439;1;4
10440;3;5
10441;1;5
10442;3;5
10443;1;2
10444;1;5
10445;1;5
10446;1;5
10447;1;5
10448;1;5
10449;3;5
10450;1;5
10451;3;5
10452;1;5
10453;1;2
10454;1;5
10455;3;5
10456;1;3
10457;1;5
10458;1;5
10459;3;2
10460;3;5
10461;3;5
10462;1;5
10463;3;5
10464;1;5
10465;3;5
10466;1;5
10467;1;2
10468;1;2
10469;1;5
10470;3;5
10471;1;5
10472;1;5
10473;1;5
10474;1;4
10475;3;5
10476;1;5
10477;3;5
10478;3;2
10479;1;2
10480;4;5
10481;1;5
10482;1;4
10483;3;5
10484;1;5
10485;3;5
10486;1;4
10487;3;5
10488;1;5
10489;1;4
10490;1;4
10491;1;5
10492;1;2
10493;1;5
10494;3;5
10495;1;5
10496;1;5
10497;1;5
10498;1;5
10499;1;2
10500;3;5
10501;1;5
10502;1;2
10503;3;5
10504;3;5
10505;1;5
10506;1;5
10507;1;5
10508;3;5
10509;3;5
10510;1;2
10511;1;5
10512;1;2
10513;1;5
10514;1;5
10515;1;5
10516;3;2
10517;1;2
10518;3;2
10519;3;5
10520;1;5
10521;4;5
10522;3;5
10523;1;5
10524;1;5
10525;3;5
10526;1;2
10527;1;5
10528;1;2
10529;3;5
10530;3;5
10531;1;5
10532;3;5
10533;3;5
10534;3;5
10535;1;2
10536;3;5
10537;3;5
10538;1;2
10539;1;5
10540;1;4
10541;1;2
10542;1;5
10543;1;5
10544;3;4
10545;1;5
10546;3;5
10547;3;5
10548;3;5
10549;3;5
10550;3;3
10551;1;5
10552;3;5
10553;1;4
10554;1;5
10555;1;5
10556;3;5
10557;1;5
10558;1;5
10559;3;2
10560;3;5
10561;1;5
10562;1;2
10563;1;2
10564;3;2
10565;1;2
10566;1;5
10567;1;5
10568;1;5
10569;1;4
10570;3;4
10571;1;5
10572;1;5
10573;4;5
10574;1;5
10575;4;5
10576;3;2
10577;3;5
10578;3;4
10579;1;5
10580;1;5
10581;1;5
10582;3;5
10583;1;5
10584;1;5
10585;1;5
10586;1;5
10587;3;5
10588;1;5
10589;1;2
10590;3;5
10591;3;5
10592;3;5
10593;3;5
10594;1;5
10595;1;5
10596;3;5
10597;3;5
10598;1;5
10599;1;5
10600;3;5
10601;1;5
10602;1;5
10603;1;5
10604;1;5
10605;1;5
10606;3;5
10607;3;5
10608;1;4
10609;3;5
10610;1;2
10611;3;5
10612;1;5
10613;1;5
10614;1;5
10615;1;5
10616;1;5
10617;1;5
10618;3;5
10619;1;2
10620;1;2
10621;1;2
10622;3;2
10623;1;5
10624;3;2
10625;1;5
10626;1;4
10627;1;5
10628;1;5
10629;1;5
10630;1;5
10631;1;5
10632;3;2
10633;1;2
10634;1;5
10635;1;5
10636;1;4
10637;1;2
10638;1;4
10639;5;5
10640;5;5
10641;1;5
10642;1;2
10643;1;5
10644;1;5
10645;1;5
10646;1;5
10647;1;5
10648;1;5
10649;4;5
10650;1;5
10651;1;5
10652;1;5
10653;3;5
10654;1;5
10655;3;5
10656;3;5
10657;3;4
10658;3;5
10659;3;2
10660;1;5
10661;1;5
10662;1;5
10663;5;5
10664;1;5
10665;1;5
10666;1;5
10667;1;5
10668;1;2
10669;9;5
10670;1;5
10671;1;5
10672;1;5
10673;1;5
10674;1;5
10675;1;5
10676;1;5
10677;1;5
10678;1;5
10679;1;5
10680;1;2
10681;1;1
10682;1;2
10683;1;1
